IntId,OrgId,ExtId,Name,RoadwayName,LinearReference,Latitude,Longitude,GpsHeight,AccessDirections,Comments,YearConstructed,DateCreated,LastUpdated,LinearReferenceType,IsSolarPlowingOverride,SIIThreshold,SIITimeThreshold,SIIMaintenanceCycleTime,RegionId
1,333,1,I-15 @ Plymouth,I-15,392.34,41.8861,-112.1692,4493.89,NULL,Upgraded from Vaisala to CSI 8/11/08,2004,03:13.6,51:49.2,1,0,NULL,NULL,NULL,1
2,333,2,I-15 @ Tremonton,I-15,377.77,41.6904,-112.1629,4317.21,NULL,Upgraded from Vaisala to CSI 8/11/09,2004,03:13.7,51:49.2,1,0,NULL,NULL,NULL,1
3,333,3,I-15 @ Willard POE,I-15,358.81,41.4402,-112.0564,4233.96,NULL,Upgraded from SSI to CSI 7/24/08,2002,03:13.7,51:49.2,1,0,NULL,NULL,NULL,1
4,333,4,I-15 @ Centerville,I-15,321.46,40.9497,-111.8916,4230.68,NULL,Old Channel I15N5.  Upgraded from SSI to CSI 7/24/08,2000,03:13.7,51:49.2,1,0,NULL,NULL,NULL,1
6,333,6,I-15 @ 500 S,I-15,307.76,40.7583,-111.9121,4247.78,NULL,"Old Channel H4/983, Upgraded from Vaisala to CSI 8/11/09",2001,03:13.7,51:49.2,1,0,NULL,NULL,NULL,2
7,333,7,I-15 @ 600 S,I-15,307.76,40.7537,-111.9106,4246.87,NULL,Old Channel H5/987,2001,03:13.7,51:17.2,1,0,NULL,NULL,NULL,NULL
8,333,8,I-15 @ 2400 S,I-15,304.64,40.7171,-111.9044,4264.68,NULL,Old Channel H8/981.  Vaisala/CSI integration 8/18/08. Upgraded from Vaisala to CSI 8/11/09,2001,03:13.7,51:49.2,1,0,NULL,NULL,NULL,2
9,333,9,I-15 @ 6200 S,I-15,299.1,40.6371,-111.905,4345.23,NULL,Old Channel H8/981.Vaisala/CSI integration 6/23/08. Port 5 on Switch.  Upgraded from Vaisala to CSI 8/11/09.,2001,03:13.7,51:49.2,1,0,NULL,NULL,NULL,2
10,333,10,I-15 @ 9000 S,I-15,295.67,40.5887,-111.8998,4380.33,NULL,Old Channel H12/980. Upgraded to CSI 2007,2001,03:13.8,51:49.2,1,0,NULL,NULL,NULL,2
11,333,11,I-15 @ Bluffdale,I-15,287.63,40.4754,-111.9049,4679.31,NULL,No road sensors being used. Upgraded to CSI from Vaisala 8/20/08,1998,03:13.8,51:49.2,1,0,NULL,NULL,NULL,2
12,333,12,I-15 @ Alpine Pt of Mtn,I-15,285.73,40.4497,-111.9116,4795.65,NULL,Upgraded from SSI to CSI 7/14/08,2004,03:13.8,51:49.2,1,0,NULL,NULL,NULL,3
14,333,14,I-15 @ Sevier River,I-15,200.1,39.4097,-112.0517,4942.66,NULL,Upgraded from Vaisala to CSI 7/16/09,2004,03:13.8,51:49.2,1,0,NULL,NULL,NULL,3
15,333,15,I-15 @ Scipio Summit,I-15,183.64,39.2033,-112.1734,5959.45,NULL,Upgraded from SSI to CSI 7/16/08,2004,03:13.8,51:49.2,1,0,NULL,NULL,NULL,4
16,333,16,I-15 @ Dog Valley,I-15,136.26,38.6358,-112.6101,6167.54,NULL,,2002,03:13.8,51:49.2,1,0,NULL,NULL,NULL,4
17,333,17,I-15 @ Black Ridge,I-15,42.2,37.4821,-113.22,5196.47,NULL,Upgraded from SSI to CSI 7/16/08,2004,03:13.8,51:49.2,1,0,NULL,NULL,NULL,4
18,333,18,I-70 @ Clear Creek,I-70,7.48,38.5912,-112.494,7188.42,NULL,2006 upgraded to Campbell,2002,03:13.8,51:49.2,1,0,NULL,NULL,NULL,4
19,333,19,I-70 @ Fremont Jct,I-70,93.02,38.7787,-111.3166,6537.12,NULL,2006 upgraded to Campbell,1989,03:13.8,51:49.2,1,0,NULL,NULL,NULL,4
20,333,20,I-70 @ Ghost Rocks,I-70,123.17,38.8658,-110.8061,7151.44,NULL,2006 upgraded to Campbell,1989,03:13.8,51:49.2,1,0,NULL,NULL,NULL,4
21,333,21,I-70 @ Rattlesnake Bench,I-70,137.07,38.9037,-110.562,6468.69,NULL,2006 upgraded to Campbell,1989,03:13.9,51:49.2,1,0,NULL,NULL,NULL,4
22,333,22,I-80 @ Wendover POE,I-80,2,40.7495,-113.991,4227,NULL,,2007,03:13.9,51:49.2,NULL,0,NULL,NULL,NULL,2
23,333,23,I-80 @ Grassy,I-80,54.82,40.7616,-113.0104,4677.63,NULL,Upgraded from SSI to CSI 7/22/08,2003,03:13.9,51:49.2,1,0,NULL,NULL,NULL,2
24,333,24,I-80 @ Lakepoint,I-80,98.55000305,40.6924,-112.2644,4229,,Upgraded to CSI 2007,2020,03:13.9,46:01.9,1,0,0,0,0,2
26,333,26,I-80 @ Mouth of Parleys,I-80,127.95,40.712,-111.802,4853.67,NULL,Upgraded to Campbell 2007,2001,03:13.9,51:49.2,1,0,NULL,NULL,NULL,2
27,333,27,I-80 @ Parleys Canyon Quarry,I-80,130.3,40.7281,-111.7656,5126,NULL,Installed Vaisala and Icesite non-invasive sensors 8/7/08,2007,03:13.9,51:49.2,1,0,NULL,NULL,NULL,2
29,333,29,I-80 @ Parleys Summit,I-80,138.88,40.7528,-111.6248,6993.72,NULL,Upgraded to Campbell from Vaisala 2008,1998,03:14.0,51:49.2,1,0,NULL,NULL,NULL,2
30,333,30,I-80 @ Kimball Jct,I-80,144.27,40.7275,-111.5426,6403.4,NULL,Old Channel I80E15. Upgraded from SSI to CSI 7/2008,2002,03:14.0,51:49.2,1,0,NULL,NULL,NULL,2
31,333,31,I-80 @ Silver Ck Jct,I-80,146.86,40.732,-111.4983,6453.16,NULL,Upgraded to Campbell from SSI 7/2/08,2002,03:14.0,51:49.2,1,0,NULL,NULL,NULL,2
32,333,32,I-80 @ Wahsatch,I-80,191.2,41.19522,-111.11397,6820.37,NULL,,1998,03:14.0,51:49.2,1,0,NULL,NULL,NULL,2
33,333,33,I-84 @ Chaulk Hill,I-84,13.9,41.9113,-112.6052,5155,NULL,,2008,03:14.0,51:49.2,NULL,0,NULL,NULL,NULL,1
34,333,34,I-84 @ Whites Valley,I-84,30.45,41.8101,-112.3394,5119.51,NULL,Upgraded to Campbell from SSI 6/18/08,2003,03:14.0,51:49.2,1,0,NULL,NULL,NULL,1
35,333,35,I-84 @ Weber Canyon,I-84,89.28,41.1379,-111.8868,4635.32,NULL,,1998,03:14.0,51:49.2,1,0,NULL,NULL,NULL,1
37,333,37,Legacy Parkway,67,6,40.908,-111.915,4215,NULL,,2008,03:14.0,51:49.2,NULL,0,NULL,NULL,NULL,1
38,333,38,SR-16 @ mp 1,SR 16,1,41.421,-111.051,6535,NULL,,2008,03:14.0,51:49.2,1,0,NULL,NULL,NULL,1
39,333,39,SR-20,SR 20,10.11,38.0304,-112.5307,7923.08,NULL,Upgraded from SSI to CSI 8/5/08,2004,03:14.1,47:59.0,1,0,NULL,NULL,NULL,4
40,333,40,SR-31 @ Skyline,SR 31,11.71,39.636,-111.329,9331.1,NULL,Contains a snow stake,2000,03:14.1,51:49.3,1,0,NULL,NULL,NULL,4
41,333,41,SR-35 @ Wolf Creek,SR 35,9.71,40.557,-111.135,7152.26,NULL,Has an Insolation Sensor,NULL,03:14.1,51:49.3,1,0,NULL,NULL,NULL,2
42,333,42,US-89 @ Logan Summit,US 89,489.72,41.953,-111.492,7603.07,NULL,,NULL,03:14.1,51:49.3,1,0,NULL,NULL,NULL,1
43,333,43,US-89 @ Sardine,US 89,12.66,41.584,-111.976,5658.56,NULL,Upgraded from SSI to Campbell 2007,1999,03:14.1,51:49.3,1,0,NULL,NULL,NULL,1
44,333,44,SR-111 @ Bacchus,SR 111,4.16,40.6352,-112.0559,5172.63,NULL,"Changed to radio 2007, old phone # 801-250-9037",2001,03:14.1,51:49.2,1,0,NULL,NULL,NULL,2
45,333,45,SR-167 @ Trappers Loop,SR 167,6.88,41.2058,-111.8166,6057.68,NULL,Upgraded from SSI to CSI 6/24/08,1999,03:14.1,51:49.2,1,0,NULL,NULL,NULL,1
46,333,46,US-191 @ Monticello,US 191,62.14,37.7561,-109.3977,7261.83,NULL,,2006,03:14.1,51:49.3,1,0,NULL,NULL,NULL,4
47,333,47,US-191 @ Indian Canyon Summit,US 191,NULL,39.8857,-110.7479,9050,NULL,,2008,03:14.1,51:49.3,NULL,0,NULL,NULL,NULL,3
48,333,48,SR-248,SR 248,NULL,40.6338,-111.3849,6900,NULL,,2008,03:14.1,51:49.3,NULL,0,NULL,NULL,NULL,2
49,333,49,US-6 @ Kings Canyon,US 6,22.8,39.074,-113.638,6283,NULL,NWS site  Switched from satellite to modem on 12/17/2014.,2002,03:14.1,51:49.3,1,0,NULL,NULL,NULL,4
50,333,50,US-6 @ Red Narrows,US 6,192.9,39.989,-111.37,5582.55,NULL,,2001,03:14.2,51:49.3,1,0,NULL,NULL,NULL,3
51,333,51,US-6 @ Soldier Summit,US 6,210.39,39.928,-111.083,7490.02,NULL,,2002,03:14.2,51:49.3,1,0,NULL,NULL,NULL,4
52,333,52,US-40 @ Mayflower,US 40,6.1,40.6529,-111.4569,6929,NULL,,2008,03:14.2,51:49.3,NULL,0,NULL,NULL,NULL,2
53,333,53,US-40 @ Heber,US 40,12.8,40.5636,-111.4288,5733,NULL,,2008,03:14.2,51:49.3,NULL,0,NULL,NULL,NULL,3
54,333,54,US-40 @ Starvation,US 40,81.5,40.173,-110.493,5773.63,NULL,,2004,03:14.2,51:49.3,1,0,NULL,NULL,NULL,3
55,333,55,Portable RWIS,46,12.5,0.0001,0.0001,7733,,,2008,03:14.2,55:45.0,1,0,0,0,0,NULL
56,333,56,SR-30,SR 30,99,41.779,-112.0218,4990,NULL,,2008,03:14.2,51:49.3,1,0,NULL,NULL,NULL,1
58,333,58,SR-158 Powder Mountain,SR 158,NULL,41.3699,-111.764,8897,NULL,,2008,03:14.2,10:10.5,NULL,0,NULL,NULL,NULL,1
59,333,59,I-80 @ mp 1,I-80,1,40.745,-114.0221,4270,NULL,NULL,2009,03:04.3,51:49.2,1,0,NULL,NULL,NULL,2
60,333,60,I-80 @ mp 29,I-80,29,40.7313,-113.4992,4223,NULL,NULL,2009,07:19.1,51:49.2,1,0,NULL,NULL,NULL,2
61,333,61,I-80 @ mp 78,I-80,78,40.7404,-112.624,4213,NULL,NULL,2009,10:47.8,51:49.2,1,0,NULL,NULL,NULL,2
62,333,62,SR-12 @ Boulder Summit,SR 12,101.3,38.0432,-111.3269,9595,NULL,NULL,2009,49:39.9,51:49.2,1,0,NULL,NULL,NULL,4
63,333,63,SR-30 @ Curlew,SR 30,72.5,41.938,-113.086,4766,NULL,NULL,2009,54:58.2,51:49.3,1,0,NULL,NULL,NULL,1
64,333,64,SR-95 @ Salvation Knoll,SR 95,97,37.5647,-109.8186,7110,NULL,NULL,2009,57:52.1,51:49.3,1,0,NULL,NULL,NULL,4
66,333,66,US-6 @ Eureka,US 6,141.1,39.960353,-112.101387,6584,NULL,NULL,2009,23:16.3,51:49.3,NULL,0,NULL,NULL,NULL,3
67,333,67,US-189 Provo Canyon ,US 189,10,40.3341,-111.6133,5119,NULL,NULL,2010,28:37.6,51:49.3,1,0,NULL,NULL,NULL,3
69,333,68,US-6 @ Helper,US 6,232.2,39.694,-110.8628,5867,NULL,NULL,2010,36:48.7,51:49.3,1,0,NULL,NULL,NULL,4
71,333,70,Portable RWIS 2,6,NULL,39.75584,-110.9912,9815,,,2010,15:24.0,22:23.6,1,0,0,0,0,NULL
72,333,71,Portable RWIS 3,USR 224,3.099999905,40.62345,-111.4962,7857,,,2010,04:17.3,14:01.9,1,0,0,0,0,NULL
73,333,73,Pioneer Crossing,145,0,40.3725,-111.9161,4500,NULL,NULL,2010,16:13.3,51:49.2,NULL,0,NULL,NULL,NULL,3
74,333,74,I-84 @ Devils Slide,I-84,112,41.06194,-111.5477,5250,NULL,NULL,2011,16:11.6,51:49.2,NULL,0,NULL,NULL,NULL,1
75,333,75,US-40 @ Daniels Summit,US 40,NULL,40.3033,-111.2578,8000,NULL,NULL,2011,59:28.0,51:49.3,NULL,0,NULL,NULL,NULL,3
76,333,76,Portable RWIS 4,SR 36,49.1,40.4694,-112.3517,5237,NULL,NULL,2011,30:44.1,19:17.5,1,0,NULL,NULL,NULL,2
77,333,77,Portable RWIS 5,I-15,152.6499939,38.83233,-112.48114,5011,,,2011,18:31.9,54:01.0,1,0,0,0,0,4
78,333,78,I-15 @ Beaver Ridge,I-15,101.3,38.14989,-112.61045,6441,NULL,Reinstalled with new equipment 2014/2015.,2011,37:25.8,51:49.2,1,0,NULL,NULL,NULL,4
79,333,79,Portable Traffic #1,Portable Traffic #1,8.899999619,37.7652,-113.0554,5499,,,2011,43:04.5,31:07.9,1,0,0,0,0,NULL
80,333,80,Portable Traffic #2,Portable Traffic #2,4.039999962,37.1618,-113.3884,2818,,,2011,45:05.1,33:55.0,1,0,0,0,0,NULL
81,333,81,SR-143 @ Brian Head,SR 143,18.3,37.6628,-112.8375,10472,NULL,NULL,2007,12:04.3,51:49.2,1,0,NULL,NULL,NULL,4
82,333,82,SR-85 @ Juniper,SR 85,13.5,40.48607,-111.99415,4900,NULL,NULL,2012,04:51.5,18:26.6,NULL,0,NULL,NULL,NULL,2
84,333,83,Riverdale Rd,SR 26,NULL,41.1748,-112.0092,4415,NULL,NULL,2013,50:38.1,51:49.2,NULL,0,NULL,NULL,NULL,1
85,333,84,SR-85 @ Dannon Way,SR 85,NULL,40.58227,-112.0304,4910,NULL,NULL,2013,29:42.8,51:49.3,1,0,NULL,NULL,NULL,2
86,333,85,I-15 @ Orem,I-15,272.25,40.31918,-111.72648,4650,NULL,NULL,2013,57:01.2,51:49.2,1,0,NULL,NULL,NULL,3
87,333,86,I-15 @ Provo,I-15,NULL,40.20438,-111.65569,4500,NULL,NULL,2013,01:17.9,51:49.2,NULL,0,NULL,NULL,NULL,3
88,333,87,I-70 @ Fish Creek,I-70,11.3,38.56391,-112.43374,6540,NULL,NULL,2013,52:52.0,51:49.2,NULL,0,NULL,NULL,NULL,4
89,333,88,SR-92 @ Aspen Grove,SR 92,NULL,40.404631,-111.604574,6880,NULL,NULL,2010,14:52.1,51:17.3,NULL,0,NULL,NULL,NULL,NULL
90,333,90,Arrowhead Summit,?,NULL,40.368386,-111.593964,8250,NULL,NULL,1997,02:01.3,27:02.2,NULL,0,NULL,NULL,NULL,NULL
91,333,91,Bunnells Ridge,?,NULL,40.314757,-111.563976,8800,NULL,NULL,2007,02:01.3,27:02.2,NULL,0,NULL,NULL,NULL,NULL
94,333,94,Mid Mountain,?,NULL,40.374406,-111.594479,7450,NULL,NULL,1997,02:01.4,27:02.2,NULL,0,NULL,NULL,NULL,NULL
95,333,95,SR-190 @ Cardiff,SR 190,NULL,40.6494,-111.6486,7298,NULL,NULL,2013,02:01.4,51:49.2,NULL,0,NULL,NULL,NULL,2
98,333,98,SR-199 @ Johnsons Pass,SR 199,12,40.33741,-112.57295,6520,NULL,Constructed Fall 2011. Online November 2014.,2011,02:01.4,51:49.2,1,0,NULL,NULL,NULL,2
100,333,100,SR-24 @ Wayne Summit,SR 24,40.5,38.450296,-111.823236,8400,NULL,NULL,2013,02:01.4,51:49.3,1,0,NULL,NULL,NULL,4
101,333,101,LiveView SR-226,SR 226,NULL,NULL,NULL,NULL,NULL,NULL,NULL,14:13.8,51:17.3,NULL,0,NULL,NULL,NULL,NULL
102,333,102,SR-39 Mile 13,SR-13,NULL,NULL,NULL,NULL,NULL,NULL,NULL,01:45.0,27:02.2,NULL,0,NULL,NULL,NULL,NULL
103,333,103,LiveView I-80 Mile 11,I-80,11,NULL,NULL,NULL,NULL,NULL,NULL,35:39.0,51:17.3,1,0,NULL,NULL,NULL,NULL
104,333,104,LiveView I-80 Mile 117,I-80,117,NULL,NULL,NULL,NULL,NULL,NULL,48:28.4,51:17.3,1,0,NULL,NULL,NULL,NULL
105,333,105,LiveView SR-111 Mile 0,SR 111,0,NULL,NULL,NULL,NULL,NULL,NULL,53:08.3,51:17.3,1,0,NULL,NULL,NULL,NULL
106,333,106,LiveView SR-248 Mile 4,SR 248,4,NULL,NULL,NULL,NULL,NULL,NULL,57:32.9,51:17.3,1,0,NULL,NULL,NULL,NULL
107,333,107,Liveview I-80-Mile176,I-80,176,NULL,NULL,NULL,NULL,NULL,NULL,07:22.4,51:17.3,1,0,NULL,NULL,NULL,NULL
108,333,108,Liveview SR-83 Mile 18,SR 18,18,NULL,NULL,NULL,NULL,NULL,NULL,11:00.6,51:17.3,1,0,NULL,NULL,NULL,NULL
109,333,109,Liveview US-91 M45,US 91,45,NULL,NULL,NULL,NULL,NULL,NULL,18:04.0,51:17.3,1,0,NULL,NULL,NULL,NULL
110,333,110,Liveview I-84 mile 20,I-84,20,NULL,NULL,NULL,NULL,NULL,NULL,58:56.4,51:17.3,1,0,NULL,NULL,NULL,NULL
111,333,111,Liveview SR-32 Mile 4,SR 32,4,NULL,NULL,NULL,NULL,NULL,NULL,19:36.2,51:17.3,1,0,NULL,NULL,NULL,NULL
112,333,115,Liveview I-70 Mile 131.1,I-70,131.1,NULL,NULL,NULL,NULL,NULL,NULL,58:06.1,51:17.3,1,0,NULL,NULL,NULL,NULL
113,333,112,Liveview SR-10 Mile 60,SR 10,60.9,NULL,NULL,NULL,NULL,NULL,NULL,58:06.1,51:17.3,1,0,NULL,NULL,NULL,NULL
114,333,113,Liveview SR-24 Mile 30.6,SR 24,30.6,NULL,NULL,NULL,NULL,NULL,NULL,58:06.1,51:17.3,1,0,NULL,NULL,NULL,NULL
115,333,114,Liveview I-70 mile 182.2,I-70,182.2,NULL,NULL,NULL,NULL,NULL,NULL,58:06.1,51:17.3,1,0,NULL,NULL,NULL,NULL
116,333,116,Cascade Peak,?,NULL,40.312604,-111.588704,10875,NULL,NULL,NULL,23:11.6,27:02.2,NULL,0,NULL,NULL,NULL,NULL
118,333,117,LiveView I-15 MP 94,I-15,94,NULL,NULL,NULL,NULL,NULL,NULL,51:41.7,51:17.3,1,0,NULL,NULL,NULL,NULL
119,333,118,LiveView SR-225 MP 0 US-89,SR 225,0,NULL,NULL,NULL,NULL,NULL,NULL,25:23.0,51:17.3,1,0,NULL,NULL,NULL,NULL
120,333,119,LiveView I-70 MP45,I-70,45,NULL,NULL,NULL,NULL,NULL,NULL,08:30.8,51:17.3,1,0,NULL,NULL,NULL,NULL
121,333,120,LiveView I-70 MP 63,I-70,63,NULL,NULL,NULL,NULL,NULL,NULL,25:02.1,51:17.3,1,0,NULL,NULL,NULL,NULL
122,333,121,LiveView I-70 MP 206,I-70,206,NULL,NULL,NULL,NULL,NULL,NULL,07:00.9,51:17.3,1,0,NULL,NULL,NULL,NULL
123,333,122,LiveView I-80 MP 102,I-80,102,NULL,NULL,NULL,NULL,NULL,NULL,21:11.6,51:17.3,1,0,NULL,NULL,NULL,NULL
124,333,123,LiveView I-80 MP 107,I-80,107,NULL,NULL,NULL,NULL,NULL,NULL,26:55.4,51:17.3,1,0,NULL,NULL,NULL,NULL
125,333,124,LiveView I-80 MP 111,I-80,111,NULL,NULL,NULL,NULL,NULL,NULL,31:30.9,51:17.3,1,0,NULL,NULL,NULL,NULL
126,333,125,LiveView I-80 MP 172,I-80,172,NULL,NULL,NULL,NULL,NULL,NULL,36:24.5,51:17.3,1,0,NULL,NULL,NULL,NULL
127,333,126,LiveView I-84 MP 26,I-84,26,NULL,NULL,NULL,NULL,NULL,NULL,42:09.9,51:17.3,1,0,NULL,NULL,NULL,NULL
128,333,127,LiveView SR-100 MP 16,SR 100,16,NULL,NULL,NULL,NULL,NULL,NULL,47:11.3,51:17.3,1,0,NULL,NULL,NULL,NULL
129,333,128,LiveView SR-13 MP 11,SR 13,11,NULL,NULL,NULL,NULL,NULL,NULL,15:47.6,51:17.3,1,0,NULL,NULL,NULL,NULL
130,333,129,LiveView SR-142 MP-4,SR 142,4,NULL,NULL,NULL,NULL,NULL,NULL,20:48.0,51:17.3,1,0,NULL,NULL,NULL,NULL
131,333,130,LiveView SR-21 MP-96,SR 21,96,NULL,NULL,NULL,NULL,NULL,NULL,25:43.7,51:17.3,1,0,NULL,NULL,NULL,NULL
132,333,131,LiveView SR-224 / Deer Valley Dr MP 4,SR 224,4,NULL,NULL,NULL,NULL,NULL,NULL,10:55.0,51:17.3,1,0,NULL,NULL,NULL,NULL
133,333,132,LiveView SR-224 MP 8,SR 224,8,NULL,NULL,NULL,NULL,NULL,NULL,14:24.6,51:17.3,1,0,NULL,NULL,NULL,NULL
134,333,133,LiveView SR-240 MP 0,SR 240,0,NULL,NULL,NULL,NULL,NULL,NULL,46:08.3,51:17.3,1,0,NULL,NULL,NULL,NULL
135,333,134,LiveView SR-25 MP 3,SR 25,3,NULL,NULL,NULL,NULL,NULL,NULL,50:36.4,51:17.3,1,0,NULL,NULL,NULL,NULL
136,333,135,LiveView SR-30 MP 131,SR 30,131,NULL,NULL,NULL,NULL,NULL,NULL,54:50.7,51:17.3,1,0,NULL,NULL,NULL,NULL
137,333,136,LiveView SR-30 MP 2,SR 30,2,NULL,NULL,NULL,NULL,NULL,NULL,59:22.8,51:17.3,1,0,NULL,NULL,NULL,NULL
138,333,137,LiveView SR-45 MP 15,SR 45,15,NULL,NULL,NULL,NULL,NULL,NULL,05:38.9,51:17.3,1,0,NULL,NULL,NULL,NULL
139,333,138,LiveView SR-56 MP 42,SR 56,42,NULL,NULL,NULL,NULL,NULL,NULL,21:50.5,51:17.3,1,0,NULL,NULL,NULL,NULL
140,333,139,LiveView SR-66 MP 0,SR 66,0,NULL,NULL,NULL,NULL,NULL,NULL,30:57.1,51:17.3,1,0,NULL,NULL,NULL,NULL
141,333,140,LiveView SR-73 MP 24,SR 73,24,NULL,NULL,NULL,NULL,NULL,NULL,28:34.8,51:17.3,1,0,NULL,NULL,NULL,NULL
142,333,141,LiveView SR-85 MP 2,SR 85,2,NULL,NULL,NULL,NULL,NULL,NULL,35:41.8,51:17.3,1,0,NULL,NULL,NULL,NULL
143,333,142,LiveView SR-88 MP 9,SR 88,9,NULL,NULL,NULL,NULL,NULL,NULL,40:48.2,51:17.3,1,0,NULL,NULL,NULL,NULL
144,333,143,LiveView US-40 MP 27,US 40,27,NULL,NULL,NULL,NULL,NULL,NULL,45:46.2,51:17.3,1,0,NULL,NULL,NULL,NULL
145,333,144,LiveView US-40 MP 59,US 40,59,NULL,NULL,NULL,NULL,NULL,NULL,50:46.5,51:17.3,1,0,NULL,NULL,NULL,NULL
146,333,145,LiveView US-40 MP 69,US 40,69,NULL,NULL,NULL,NULL,NULL,NULL,54:47.6,51:17.3,1,0,NULL,NULL,NULL,NULL
147,333,146,LiveView US-89 MP 470,US 80,470,NULL,NULL,NULL,NULL,NULL,NULL,43:02.3,27:02.2,1,0,NULL,NULL,NULL,NULL
148,333,147,LiveView SR-101 MP 13,SR 101,10,NULL,NULL,NULL,NULL,NULL,NULL,03:10.8,51:17.3,1,0,NULL,NULL,NULL,NULL
149,333,148,I-80 @ Coalville,I-80,163.05,40.91775,-111.40721,5570,NULL,NULL,2014,12:42.3,51:49.2,1,0,NULL,NULL,NULL,2
150,333,149,I-80 @ Wanship,I-80,155.45,40.81295,-111.40141,5852,NULL,NULL,2014,15:45.1,51:49.2,1,0,NULL,NULL,NULL,2
151,333,150,I-15 @ Beer Creek,I-15,252.46,40.073,-111.7151,4529,NULL,NULL,2014,05:38.6,51:49.2,1,0,NULL,NULL,NULL,3
153,333,152,SR-190 @ Torpedo Hill,SR 190,4.2,40.6229,-111.7504,5553,NULL,NULL,2014,15:08.1,51:49.2,1,0,NULL,NULL,NULL,2
154,333,153,SR-190 @ S-Turns,SR 190,6.3,40.6341,-111.7235,6235,NULL,NULL,2014,19:28.3,51:49.2,1,0,NULL,NULL,NULL,2
155,333,154,Liveview I-70 MP 115,I-70,115,NULL,NULL,NULL,NULL,NULL,NULL,32:52.4,51:17.3,1,0,NULL,NULL,NULL,NULL
157,333,155,SR-65 @ Big Mountain Pass,SR 65,8.4,40.82794,-111.65448,7433,NULL,NULL,2014,03:46.3,51:49.3,1,0,NULL,NULL,NULL,2
159,333,156,SR-35 @ Wolf Creek Pass,SR 35,19.3,40.4872,-111.0344,9407,NULL,NULL,2014,42:14.2,51:49.3,1,0,NULL,NULL,NULL,3
160,333,157,LiveView SR-143 MP-25,SR 143,25,NULL,NULL,NULL,NULL,NULL,NULL,42:41.5,51:17.3,NULL,0,NULL,NULL,NULL,NULL
161,333,158,LiveView SR-42 MP-0,SR 42,0,NULL,NULL,NULL,NULL,NULL,NULL,01:13.6,51:17.3,NULL,0,NULL,NULL,NULL,NULL
162,333,159,LiveView US-89  / SR-132 MP 267,US 89,267,NULL,NULL,NULL,NULL,NULL,NULL,19:09.7,51:17.3,1,0,NULL,NULL,NULL,NULL
163,333,160,SR-153 near Puffer Lake,SR 153,20.2,38.32091,-112.37263,10000,NULL,NULL,2015,55:53.3,51:49.2,1,0,NULL,NULL,NULL,4
164,333,161,I-70 @ SR-24,I-70,49.3,38.87622,-111.95875,5226,NULL,Also known as I-70 @ Salina,2015,59:57.3,51:49.2,1,0,NULL,NULL,NULL,4
165,333,162,SR-72 @ Hogan Pass,SR 72,17.2,38.58288,-111.47778,8977,NULL,NULL,2015,28:03.6,51:49.3,1,0,NULL,NULL,NULL,4
166,333,163,SR-210 @ Powerhouse,SR 210,5.7,40.57096,-111.74374,6049,NULL,NULL,2015,20:45.6,51:49.2,1,0,NULL,NULL,NULL,2
167,333,164,SR-210 @ White Pine,SR 210,21.25,40.576,-111.6815,7688,NULL,NULL,2015,05:08.6,51:49.2,1,0,NULL,NULL,NULL,2
168,333,165,SR-150 @ Bald Mountain Pass,SR 150,29.2,40.6872,-110.9045,10727,NULL,NULL,2015,20:45.7,51:49.2,1,0,NULL,NULL,NULL,2
169,333,166,Liveview SR-165 Mile 2,SR 165,2,41.573064,-111.838048,NULL,NULL,NULL,2015,20:50.7,51:17.3,1,0,NULL,NULL,NULL,NULL
170,333,167,I-15 @ Beaver,I-15,111.75,38.2934,-112.651,5941,NULL,NULL,2015,54:45.2,51:49.2,1,0,NULL,NULL,NULL,4
171,333,168,LiveView US-40 MP 33 Daniels Summit,US 40,33.45,NULL,NULL,NULL,NULL,NULL,NULL,24:23.5,51:17.3,1,0,NULL,NULL,NULL,NULL
172,333,169,I-15 @ Wildcat Ridge,I-15,120.7,38.4212,-112.6492,6200,NULL,NULL,2015,57:36.6,51:49.2,1,0,NULL,NULL,NULL,4
173,333,170,I-15 LiveVIew Mile 125,I-15,125,NULL,NULL,NULL,NULL,NULL,NULL,58:50.2,51:17.3,1,0,NULL,NULL,NULL,NULL
174,333,171,I-15 MP 194 LiveView,I-15,194,NULL,NULL,NULL,NULL,NULL,NULL,22:54.2,51:17.3,1,0,NULL,NULL,NULL,NULL
175,333,172,I-15 MP 218.8 LiveView,I-15,218.8,NULL,NULL,NULL,NULL,NULL,NULL,27:34.0,51:17.3,1,0,NULL,NULL,NULL,NULL
176,333,173,I-15 MP 232 LiveView,I-15,232.9,NULL,NULL,NULL,NULL,NULL,NULL,44:03.2,51:17.3,1,0,NULL,NULL,NULL,NULL
177,333,175,I-15 MP 37 LiveView,I-15,37,NULL,NULL,NULL,NULL,NULL,NULL,56:32.2,51:17.3,1,0,NULL,NULL,NULL,NULL
178,333,174,I-15 MP 245 LiveView,I-15,245,NULL,NULL,NULL,NULL,NULL,NULL,56:32.2,51:17.3,1,0,NULL,NULL,NULL,NULL
179,333,176,I-15 MP 400 LiveView,I-15,400,NULL,NULL,NULL,NULL,NULL,NULL,21:17.2,51:17.3,1,0,NULL,NULL,NULL,NULL
180,333,177,LiveView I-70 MP 141,I-70,141,NULL,NULL,NULL,NULL,NULL,NULL,26:36.4,51:17.3,1,0,NULL,NULL,NULL,NULL
181,333,178,LiveView I-70_MP226,I-70,226,NULL,NULL,NULL,NULL,NULL,NULL,31:10.1,51:17.3,1,0,NULL,NULL,NULL,NULL
182,333,179,LiveView I-70 MP 82,I-70,82,NULL,NULL,NULL,NULL,NULL,NULL,35:08.2,51:17.3,1,0,NULL,NULL,NULL,NULL
183,333,180,LiveView I-80 MP 149,I-80,149,NULL,NULL,NULL,NULL,NULL,NULL,14:08.4,51:17.3,1,0,NULL,NULL,NULL,NULL
184,333,181,LiveView I-80 MP 186,I-80,186,NULL,NULL,NULL,NULL,NULL,NULL,36:22.3,51:17.3,1,0,NULL,NULL,NULL,NULL
185,333,182,LiveView I-80 MP 40,I-80,40,NULL,NULL,NULL,NULL,NULL,NULL,40:02.2,51:17.3,1,0,NULL,NULL,NULL,NULL
186,333,183,LiveView I-80 MP 62,I-80,62,NULL,NULL,NULL,NULL,NULL,NULL,47:50.0,51:17.3,1,0,NULL,NULL,NULL,NULL
187,333,184,LiveView I-84 Mile 119,I-84,119,NULL,NULL,NULL,NULL,NULL,NULL,53:53.2,51:17.3,1,0,NULL,NULL,NULL,NULL
188,333,185,LiveView I-84 MP 17,I-84,17,NULL,NULL,NULL,NULL,NULL,NULL,00:05.1,51:17.3,1,0,NULL,NULL,NULL,NULL
189,333,186,LiveView I-84 MP 87,I-84,87,NULL,NULL,NULL,NULL,NULL,NULL,03:55.9,51:17.3,1,0,NULL,NULL,NULL,NULL
190,333,187,LiveView SR-101 Mile 21,SR 101,21,NULL,NULL,NULL,NULL,NULL,NULL,08:25.5,51:17.3,1,0,NULL,NULL,NULL,NULL
191,333,188,SR-12 MP-109,SR 12,109,NULL,NULL,NULL,NULL,NULL,NULL,23:35.2,51:17.3,1,0,NULL,NULL,NULL,NULL
192,333,189,LiveView SR-12 Mile 14,SR 12,14,NULL,NULL,NULL,NULL,NULL,NULL,30:53.2,51:17.3,1,0,NULL,NULL,NULL,NULL
193,333,190,LiveView SR-12 MP-7,SR 12,7,NULL,NULL,NULL,NULL,NULL,NULL,51:40.7,51:17.3,1,0,NULL,NULL,NULL,NULL
194,333,191,LiveView SR-12 MP-97,SR 12,97,NULL,NULL,NULL,NULL,NULL,NULL,56:37.9,51:17.3,1,0,NULL,NULL,NULL,NULL
195,333,192,LiveView SR-130 MP 31,SR 130,31,NULL,NULL,NULL,NULL,NULL,NULL,08:47.5,51:17.3,1,0,NULL,NULL,NULL,NULL
196,333,193,LiveView SR-132 Mile 0,SR 132,0,NULL,NULL,NULL,NULL,NULL,NULL,21:45.8,51:17.3,1,0,NULL,NULL,NULL,NULL
197,333,194,Dry Lake Tripod,US 89,11.6,41.56972,-111.96803,5657,NULL,NULL,2015,07:17.6,51:17.3,1,0,NULL,NULL,NULL,NULL
198,333,195,Cardiff Peak,<change me>,NULL,40.595,-111.6519,10059,NULL,NULL,NULL,50:28.7,27:02.2,NULL,0,NULL,NULL,NULL,NULL
199,333,196,Reynolds Peak,<change me>,NULL,40.662117,-111.646764,9400,NULL,NULL,NULL,52:13.1,27:02.2,NULL,0,NULL,NULL,NULL,NULL
200,333,197,Alta Guard Station,<change me>,NULL,40.5905,-111.638,8799,NULL,NULL,NULL,55:00.1,27:02.2,NULL,0,NULL,NULL,NULL,NULL
201,333,198,Spruces,<change me>,NULL,40.641,-111.636,7402,NULL,NULL,NULL,57:02.7,27:02.2,NULL,0,NULL,NULL,NULL,NULL
202,333,199,Deer Creek Dam,<change me>,NULL,40.40147,-111.520649,6675,NULL,NULL,NULL,00:41.6,27:02.2,NULL,0,NULL,NULL,NULL,NULL
203,333,200,Elberts,<change me>,NULL,40.57579,-111.68773,7600,NULL,NULL,NULL,04:52.1,27:02.2,NULL,0,NULL,NULL,NULL,NULL
204,333,203,Alta - Collins,,NULL,40.571,-111.631,10443,NULL,NULL,1997,18:53.0,27:02.2,NULL,0,NULL,NULL,NULL,NULL
205,333,201,Alta - Base,,NULL,40.589,-111.637,8560,NULL,NULL,1998,18:53.0,27:02.2,NULL,0,NULL,NULL,NULL,NULL
206,333,202,Alta - Mt Baldy,,NULL,40.5677,-111.6374,11066,NULL,NULL,1998,18:53.0,27:02.2,NULL,0,NULL,NULL,NULL,NULL
207,333,204,SR-201 @ I-80,SR 201,0,40.72255,-112.22569,4272,NULL,NULL,2016,12:40.4,51:49.2,1,0,NULL,NULL,NULL,2
208,333,205,I-70 @ I-15,I-70,0.1,38.5771,-112.6038,6052,NULL,NULL,2016,08:16.0,51:49.2,1,0,NULL,NULL,NULL,4
209,333,206,US-89 @ Park Lane,US 89,396.1,40.98985,-111.9013,4288,NULL,NULL,2016,11:25.4,51:49.3,1,0,NULL,NULL,NULL,1
210,333,207,I-15 @ Pine Creek Hill,I-15,125.5,38.4809,-112.6166,6508,NULL,NULL,2016,23:44.3,51:49.2,1,0,NULL,NULL,NULL,4
211,333,208,US-189 @ Lower Provo Canyon,US 189,8.9,40.3284,-111.639,4929,NULL,NULL,2016,36:01.3,51:49.3,1,0,NULL,NULL,NULL,3
212,333,209,US-189 @ Deer Creek Dam,US 189,17.9,40.40525,-111.5266,5429,NULL,NULL,2016,45:53.7,51:49.3,1,0,NULL,NULL,NULL,3
213,333,210,Thompson Rest Area Tripod,I-70,189.6,38.9503,-109.6858,5059,NULL,NULL,2016,45:53.7,51:17.3,1,0,NULL,NULL,NULL,NULL
214,333,211,SR-14 Summit,SR 14,17.3,37.56805,-112.85013,9909,NULL,NULL,2016,33:55.7,51:49.2,1,0,NULL,NULL,NULL,4
215,333,212,I-15 @ MP 29 Tripod,I-15,29.2,37.30665,-113.2981,3921,NULL,NULL,2016,18:03.9,54:04.4,1,0,NULL,NULL,NULL,4
216,333,213,Monument Peak,<change me>,NULL,39.614327,-111.177347,10390,NULL,NULL,2016,19:56.7,19:56.7,NULL,0,1,60,30,NULL
217,333,214,US-189 @ Charleston,US 189,24.9,40.4558,-111.4707,5440,NULL,NULL,2017,43:35.0,51:49.3,1,0,1,60,30,3
218,333,215,US-89 @ USU,US 89,460.2,41.73977,-111.8112,4787,NULL,NULL,2017,26:13.2,51:16.1,1,0,1,60,30,1
219,333,216,I-15 @ MP 169,I-15,168.95,39.0202,-112.3047,5214,NULL,NULL,2017,20:21.8,50:26.4,1,0,1,60,30,4
220,333,217,I-15 @ Paragonah,I-15,83.8,37.9292,-112.7657,5774,NULL,NULL,2017,42:51.4,50:14.6,1,0,1,60,30,4
221,333,218,US-40 @ Co-Op Creek Tripod,US 40,40.6,40.2415,-111.177,7647,NULL,NULL,207,10:28.8,14:14.6,1,0,1,60,30,3
222,333,219,I-215 @ Olympus Cove,I-215 E,3.05,40.6826,-111.7973,4972,NULL,NULL,2017,14:52.9,32:00.6,1,0,1,60,30,2
223,333,220,SR-224 @ Meadows Drive,SR 224,7.3,40.6757,-111.52115,6697,NULL,NULL,2017,16:37.5,59:31.9,1,0,1,60,30,2
224,333,221,I-215 @ I-80,I-215 W,22.4,40.76605,-111.9499,4262,NULL,NULL,2017,35:37.2,40:21.7,1,0,1,60,30,2
225,333,222,I-70 @ Richfield,I-70,38.8,38.7725,-112.0986,5422,NULL,NULL,2017,18:57.6,20:01.3,1,0,1,60,30,4
226,333,223,SR-68 @ MP 16 Mosida,SR 68,16.3,40.1768,-111.92455,4678,NULL,NULL,2018,53:45.0,57:25.8,1,0,1,60,30,3
227,333,225,I-80 @ MP 81 Dolomite,I-80,81.4,40.722,-112.564,4213,NULL,NULL,2018,58:05.8,17:21.5,1,0,1,60,30,2
228,333,224,I-80 @ MP 71 East Delle,I-80,70.85,40.756,-112.75845,4228,NULL,NULL,2018,58:05.9,17:01.5,1,0,1,60,30,2
229,333,226,I-80 @ MP 79 Timpie,I-80,79.3,40.7335,-112.6018,4215,NULL,NULL,2018,49:36.1,17:12.7,1,0,1,60,30,2
230,333,227,I-80 @ MP 68 West Delle,I-80,68.3,40.7729,-112.801,4273,NULL,NULL,2018,58:20.0,16:51.6,1,0,1,60,30,2
231,333,228,US-91 @ MP 6 Mantua,US 91,5.76,41.498,-111.9532,5124,NULL,NULL,2018,16:25.5,27:00.4,1,0,1,60,30,1
232,333,229,US-91 @ MP 20 Wellsville,US 91,20.15,41.6562,-111.9028,4498,NULL,NULL,2018,16:25.6,26:55.4,1,0,1,60,30,1
233,333,230,I-15 @ MP 57 Cedar City,I-15,57.03,37.655,-113.0829,5959,NULL,NULL,2018,46:55.2,51:40.9,1,0,1,60,30,4
234,333,231,I-80 @ MP 2 Tripod,I-80,2,40.748,-114.009,4239,NULL,NULL,2018,40:20.6,53:23.6,1,0,1,60,30,2
235,333,232,I-15 @ MP 350 Farr West,I-15,350.3,41.3204,-112.0267,4258,NULL,NULL,2018,30:47.6,37:43.1,1,0,1,60,30,1
236,333,233,I-80 @ MP 172 Echo Canyon,I-80,171.7,41.01025,-111.37445,5748,NULL,NULL,2018,12:33.4,20:10.0,1,0,1,60,30,2
237,333,234,I-15 @ MP 369 North Brigham City,I-15,368.8,41.58227,-112.07223,4241,NULL,NULL,2018,24:59.9,19:16.2,1,0,1,60,30,1
238,333,235,SR-10 @ MP 54 Poison Spring Bench,SR 10,54.06,39.4016,-110.8902,6074,NULL,NULL,2018,45:39.6,19:55.1,1,0,1,60,30,4
239,333,236,I-70 @ MP 82 Salina Summit,I-70,82.4,38.78319,-111.49338,7793,NULL,NULL,2018,16:13.2,23:59.1,1,0,1,60,30,4
240,333,237,US-40 @ MP 55 Dollar Ridge Tripod,US 40,55.05,40.1945,-110.9621,7213,NULL,NULL,2019,22:23.8,14:05.4,1,0,1,60,30,3
243,333,238,I-80 @ MP 136 Lambs Canyon,I-80,136.1,40.7397,-111.673,6127,NULL,NULL,2019,15:57.7,50:48.5,1,0,1,60,30,2
244,333,239,Foothill Dr. @ Mario Capecchi Dr.,SR 186,5.5,40.75757,-111.83607,4783,NULL,NULL,2019,36:09.0,43:20.6,1,0,1,60,30,2
245,333,240,SR-32 @ MP 16.5 Marion,SR 32,16.46,40.69837,-111.28088,6441,NULL,NULL,2019,24:11.3,45:56.0,1,0,1,60,30,2
246,333,241,SR-143 @ MP 13.5 Brian Head Tripod,SR 143,13.5,37.7157,-112.8473,9115,NULL,NULL,2019,26:43.4,12:20.1,1,0,1,60,30,4
247,333,242,US-89 @ Pole Creek BS Tripod,US 89,301.7,39.8785,-111.5212,3180,NULL,NULL,2019,03:40.1,12:19.3,1,0,1,60,30,3
248,333,243,US-6 @ MP 256 SR-123,US 6,256,39.526,-110.5744,5523,NULL,NULL,2019,18:27.2,04:26.3,1,0,1,60,30,4
249,333,244,I-15 @ MP 215 Lampson Canyon,I-15,215.06,39.5944,-111.9161,5365,NULL,NULL,2019,14:04.3,21:56.5,1,0,1,60,30,3
250,333,245,I-15 @ MP 241 Rocky Ridge,I-15,241.4,39.9371,-111.8112,5091,NULL,NULL,2019,51:07.2,06:14.8,1,0,1,60,30,3
251,333,246,US-40 @ MP 66 Fruitland,US 40,65.98,40.20525,-110.77125,6479,NULL,NULL,2019,31:02.6,33:34.3,1,0,1,60,30,3
252,333,247,US-40 @ MP 41 Co-Op Creek,US 40,40.56,40.2418,-111.1771,7637,NULL,NULL,20189,23:32.0,27:51.1,1,0,1,60,30,3
253,333,248,US-491 @ MP 2 Monticello POE,SR 491,2,37.873,-109.3061,6821,NULL,NULL,2019,10:06.0,33:54.8,1,0,1,60,30,4
254,333,249,I-15 @ MP 398 Portage,I-15,398.05,41.9675,-112.1808,4465,NULL,NULL,2020,30:26.4,26:06.3,1,0,1,60,30,1
255,333,251,US-40 @ MP 140 Asphalt Ridge,US 40,140.1,40.41635,-109.58215,5710,NULL,NULL,2020,32:46.0,42:04.9,1,0,1,60,30,3
256,333,250,US-40 @ MP 105 Myton,US 40,105.3,40.19943,-110.06792,5087,NULL,NULL,2020,32:46.0,42:15.0,1,0,1,60,30,3
257,333,252,US-191 @ MP 369 Windy Point,US 191,369.25,40.64125,-109.4859,7258,NULL,NULL,2020,05:20.1,43:32.8,1,0,1,60,30,3
258,333,253,US-191 @ MP 377 Bassett Spring,US 191,376.75,40.724,-109.4688,8368,NULL,NULL,2020,08:57.6,43:38.4,1,0,1,60,30,3
259,333,254,US-191 @ MP 386 Willie Spring,US 191,385.9,40.8539,-109.46205,7927,NULL,NULL,2020,11:53.0,43:44.3,1,0,1,60,30,3
260,333,255,SR-44 @ MP 9 Moose Pond,SR 44,9.4,40.84185,-109.64705,8076,NULL,NULL,2020,15:02.6,44:12.9,1,0,1,60,30,3
261,333,256,SR-43 @ MP 0.5 West Stateline,SR 43,0.45,40.9918,-109.8445,7231,NULL,NULL,2020,17:41.8,44:06.9,1,0,1,60,30,3
262,333,257,I-15 @ MP 54 Hamiltons Fort,I-15,54.1,37.62836,-113.12063,5745,NULL,NULL,2020,01:41.5,09:56.5,1,0,1,60,30,4
264,333,258,I-15 @ MP 62.5 North Cedar City,I-15,62.5,37.7275,-113.0511,5760,NULL,NULL,2020,06:34.3,10:09.1,1,0,1,60,30,4
265,333,259,US-89 @ MP 426.5 Willard,US 89,426.55,41.3906,-112.0343,4325,NULL,NULL,2020,50:27.2,07:08.4,1,0,1,60,30,1
266,333,260,US-91 @ MP 39 Richmond,US 91,39.05,41.909,-111.8145,4621,NULL,NULL,2020,33:46.0,52:41.9,1,0,1,60,30,1
267,333,261,US-89 @ MP 406 Weber Canyon Tripod,US 89,406.05,41.13255,-111.9103,4546,NULL,NULL,2020,21:38.0,25:35.1,1,0,1,60,30,1
268,333,262,SR-30 @ MP 124 Laketown Summit,SR 30,124.02,41.80802,-111.25174,7159,NULL,NULL,2020,20:25.7,32:59.3,1,0,1,60,30,1
269,333,263,I-80 @ MP 151 Tollgate Canyon,I-80,150.7,40.7749,-111.4678,6312,EB Exit 150 Offramp,,2020,01:43.0,53:49.5,1,0,0,0,0,2
270,333,264,SR-46 @ MP 12.5 La Sal Divide,SR 46,12.5,38.3426,-109.20875,7734,,"Installed 2019, came online September 2020.",2019,55:42.3,54:23.8,1,0,0,0,0,4
271,333,265,I-215 @ MP 16 Taylorsville,I-215 W,16.14999962,40.6768,-111.9528,4293,,,2020,41:42.1,24:16.1,1,0,0,0,0,2
272,333,266,SR-39 @ MP 46 Monte Cristo,SR 39,46.2,41.4446,-111.5056,8966,,,2020,45:25.3,41:36.8,1,0,0,0,0,1
273,333,267,US-163 @ MP 0.5 Monument Valley,SR 163,0.449999988,37.0043,-110.1734,5198,,,2020,05:57.6,24:30.0,1,0,0,0,0,4
274,333,268,SR-36 @ Lakepoint,SR 36,66.02999878,40.6929,-112.2636,4235,,,1998,50:50.7,54:53.6,1,0,0,0,0,2
275,333,269,SR-224 @ MP 11 Bear Hollow Tripod,SR 224,10.63,40.7141,-111.54505,6442,,,2020,26:43.7,41:13.7,1,0,0,0,0,2
277,333,270,SR-36 @ MP 57 Tooele,SR 36,56.59999847,40.56585,-112.2962,4751,,,2021,43:40.0,48:52.1,1,0,0,0,0,2
278,333,271,I-80 @ MP 40 Knolls,I-80,40.09999847,40.7269,-113.2803,4243,,,2021,42:17.6,21:57.9,1,0,0,0,0,2
279,333,272,US-6 @ MP 296 Sphinx Siding,US 6,296.1499939,39.0182,-110.2904,4333,NB,,2021,17:05.1,22:46.1,1,0,0,0,0,4
280,333,273,I-84 @ MP 108 Taggarts EB,I-84,107.6999969,41.0531,-111.5987,5187,EB,,2021,06:12.6,43:01.8,1,0,0,0,0,1
281,333,274,I-84 @ MP 108 Taggarts WB,I-84,107.6999969,41.0534,-111.599,5187,WB,,2021,38:22.6,43:05.3,1,0,0,0,0,1
282,333,275,I-84 @ MP 91 Devils Gate,I-84,91.09999847,41.1397,-111.8539,4848,Access road entered through locked gate at WB MP 90.5.,,2021,59:06.3,02:08.7,1,0,0,0,0,1
283,333,276,SR-85 @ SR-201,SR 85,NULL,40.7247,-112.0288,4260,,,2021,34:36.3,57:30.1,1,0,0,0,0,2
284,333,277,SR-201 @ SR-85,SR 201,10.64999962,40.7256,-112.0275,4249,,,2021,53:04.5,57:15.6,1,0,0,0,0,2
285,333,278,US-6 @ Bear BS Tripod,US 6,NULL,39.75715,-110.91698,7987,,,2021,26:07.0,19:51.3,1,0,0,0,0,4
286,333,279,I-15 @ MP 37 Ash Creek,I-15,37.29999924,37.4116,-113.2348,4765,,,2021,41:11.9,18:41.1,1,0,0,0,0,4
287,333,280,I-15 @ MP 29 Browse NB,I-15,29.39999962,37.3087,-113.2969,3943,,,2021,48:47.8,18:30.3,1,0,0,0,0,4
288,333,281,I-15 @ MP 29 Browse SB,I-15,29.39999962,37.309,-113.2971,3957,,,2021,11:13.8,28:48.4,1,0,0,0,0,4
289,333,282,I-15 @ MP 333 Antelope Drive,I-15,333.230011,41.09,-111.9906,4502,,,2021,51:45.8,24:25.6,1,0,0,0,0,1
290,333,283,SR-92 @ MP 12 American Fork Canyon,SR 92,12.31000042,40.45094,-111.6679,6056,EB,,2021,04:42.6,09:50.8,1,0,0,0,0,3
291,333,284,SR-112 @ MP 6 Utah Avenue,SR 112,5.900000095,40.5483,-112.3416,4721,EB,,2021,57:22.1,03:29.1,1,0,0,0,0,2
292,333,285,I-80 @ MP 107,I-80,106.9000015,40.7701,-112.1508,4225,EB,,2021,42:13.0,50:13.9,1,0,0,0,0,2
293,333,286,SR-36 @ MP 49 Stockton Bar,SR 36,49.06999969,40.4689,-112.352,5236,,,2021,01:29.7,18:46.5,1,0,0,0,0,2
