IntId,RwisLocationIntId,ExtId,AgencyIdentifier,OutsideAgencyIdentifier,ControllerMakerId,Model,IsActive,SerialNumber,CommunicationTypeId,CommunicationNumber,PowerSourceId,Comments,Latitude,Longitude,XGeoCoordinate,YGeoCoordinate,MapLevel,DateCreated,LastUpdated,NumberOfPavementSensors,AtmosphericFile,SurfaceFile,DetailViewUrl
1,1,1,15-39234-V29,ut29,3,CSI,1,NULL,4,166.154.68.90,2,NULL,41.8861,-112.1692,-112169000,41886000,5,13/04/2009 02:03:16 PM,26/09/2017 08:13:27 AM,0,1,2,http://mesowest.utah.edu/cgi-bin/droman/meso_base.cgi?product=roads&stn=ut29
2,2,2,15-37777-V28,ut28,3,CSI,1,NULL,5,10.250.5.16,0,NULL,41.6904,-112.1629,-112163000,41690000,5,13/04/2009 02:03:16 PM,14/10/2013 02:17:57 PM,1,3,4,http://mesowest.utah.edu/cgi-bin/droman/meso_base.cgi?product=roads&stn=ut28
3,3,3,15-35881-S11,utwld,3,CSI,1,NULL,1,435-723-2745,0,NULL,41.4402,-112.0564,-112056000,41440000,5,13/04/2009 02:03:16 PM,14/10/2013 02:18:50 PM,0,5,6,http://mesowest.utah.edu/cgi-bin/droman/meso_base.cgi?product=roads&stn=utwld
4,4,4,15-32146-S4,cen,3,CSI,1,NULL,2,10.203.6.28,2,NULL,40.9497,-111.8916,-111892000,40950000,5,13/04/2009 02:03:16 PM,12/03/2018 02:15:19 PM,1,7,8,http://mesowest.utah.edu/cgi-bin/droman/meso_base.cgi?product=roads&stn=cen
6,6,6,15-30776-V20,ut20,3,CSI,1,NULL,2,10.205.7.16,0,NULL,40.7583,-111.9121,-111912000,40758000,5,13/04/2009 02:03:16 PM,14/10/2013 01:58:36 PM,1,9,10,http://mesowest.utah.edu/cgi-bin/droman/meso_base.cgi?product=roads&stn=ut20
7,7,7,15-30726-V21,ut21,3,CSI,0,NULL,2,10.204.15.144,0,NULL,40.7537,-111.9106,-111911000,40754000,5,13/04/2009 02:03:17 PM,15/12/2014 10:43:33 AM,0,143,142,http://mesowest.utah.edu/cgi-bin/droman/meso_base.cgi?product=roads&stn=ut21
8,8,8,15-30464-V23,ut23,3,CSI,1,NULL,2,10.208.15.156,0,NULL,40.7171,-111.9044,-111904000,40717000,5,13/04/2009 02:03:16 PM,14/10/2013 01:57:04 PM,0,11,12,http://mesowest.utah.edu/cgi-bin/droman/meso_base.cgi?product=roads&stn=ut23
9,9,9,15-29910-V12,ut12,3,CSI,1,NULL,2,10.208.6.208,0,NULL,40.6371,-111.905,-111905000,40637000,5,13/04/2009 02:03:16 PM,10/09/2019 04:25:33 PM,0,13,14,http://mesowest.utah.edu/cgi-bin/droman/meso_base_dyn.cgi?product=roads&stn=ut12
10,10,10,15-29567-V11,ut11,3,CSI,0,NULL,2,10.208.25.28,0,NULL,40.5887,-111.8998,-111900000,40589000,5,13/04/2009 02:03:16 PM,24/07/2018 08:17:25 AM,1,15,16,http://mesowest.utah.edu/cgi-bin/droman/meso_base.cgi?product=roads&stn=ut11
11,11,11,15-28763-V7,ut7,3,CSI,1,NULL,2,10.212.6.162,0,NULL,40.4754,-111.9049,-111905000,40475000,5,13/04/2009 02:03:16 PM,14/10/2013 01:56:45 PM,1,17,18,http://mesowest.utah.edu/cgi-bin/droman/meso_base.cgi?product=roads&stn=ut7
12,12,12,15-28573-V18,utalp,3,CSI,1,NULL,2,10.212.6.226,0,NULL,40.4497,-111.9116,-111912000,40450000,5,13/04/2009 02:03:16 PM,14/10/2013 02:02:32 PM,1,19,20,http://mesowest.utah.edu/cgi-bin/droman/meso_base.cgi?product=roads&stn=utalp
14,14,14,15-20010-V26,ut26,3,CSI,1,NULL,6,166.154.68.86,0,NULL,39.4097,-112.0517,-112052000,39410000,5,13/04/2009 02:03:16 PM,14/10/2013 02:15:07 PM,2,23,24,http://mesowest.utah.edu/cgi-bin/droman/meso_base.cgi?product=roads&stn=ut26
15,15,15,15-18364-S17,utsci,3,CSI,1,NULL,6,166.154.66.105,0,NULL,39.2033,-112.1734,-112173000,39203000,5,13/04/2009 02:03:16 PM,14/10/2013 02:15:07 PM,1,25,26,http://mesowest.utah.edu/cgi-bin/droman/meso_base.cgi?product=roads&stn=utsci
16,16,16,15-13626-S10,utdog,3,CSI,1,NULL,6,166.241.179.173,0,NULL,38.6358,-112.6101,-112610000,38636000,5,13/04/2009 02:03:16 PM,14/10/2013 02:06:42 PM,1,27,28,http://mesowest.utah.edu/cgi-bin/droman/meso_base.cgi?product=roads&stn=utdog
17,17,17,15-4220-S15,utblk,3,CSI,1,NULL,1,435-867-5985,0,NULL,37.4821,-113.22,-113220000,37482000,5,13/04/2009 02:03:16 PM,14/10/2013 02:04:18 PM,1,29,30,http://mesowest.utah.edu/cgi-bin/droman/meso_base.cgi?product=roads&stn=utblk
18,18,18,70-748-S8,ccs,3,CSI,1,NULL,6,166.154.68.113,0,NULL,38.5912,-112.494,-112494000,38591000,5,13/04/2009 02:03:16 PM,20/02/2015 01:20:39 PM,1,31,32,http://mesowest.utah.edu/cgi-bin/droman/meso_base.cgi?product=roads&stn=ccs
19,19,19,70-9302,fre,3,CSI,1,NULL,6,166.161.134.155,0,NULL,38.7787,-111.3166,-111317000,38779000,5,13/04/2009 02:03:16 PM,14/10/2013 02:24:22 PM,1,33,34,http://mesowest.utah.edu/cgi-bin/droman/meso_base.cgi?product=roads&stn=fre
20,20,20,70-12317,gho,3,CSI,1,NULL,6,166.161.134.156,0,NULL,38.8658,-110.8061,-110806000,38866000,5,13/04/2009 02:03:16 PM,14/10/2013 02:24:22 PM,1,35,36,http://mesowest.utah.edu/cgi-bin/droman/meso_base.cgi?product=roads&stn=gho
21,21,21,70-13707,rtb,3,CSI,1,NULL,4,166.140.123.18,0,NULL,38.9037,-110.562,-110562000,38904000,5,13/04/2009 02:03:16 PM,15/06/2016 04:11:34 PM,1,37,38,http://mesowest.utah.edu/cgi-bin/droman/meso_base.cgi?product=roads&stn=rtb
22,22,22,,wpoe,3,CSI,1,NULL,2,168.178.119.43,0,NULL,40.7495,-113.991,-113991000,40750000,5,13/04/2009 02:03:16 PM,14/10/2013 02:38:16 PM,1,39,40,http://mesowest.utah.edu/cgi-bin/droman/meso_base.cgi?product=roads&stn=wpoe
23,23,23,80-5482-S14,utgrs,3,CSI,1,NULL,6,166.154.68.102,0,NULL,40.7616,-113.0104,-113010000,40762000,5,13/04/2009 02:03:16 PM,14/10/2013 02:26:34 PM,1,41,42,http://mesowest.utah.edu/cgi-bin/droman/meso_base.cgi?product=roads&stn=utgrs
24,24,24,80-9862-V9,ut9-2,3,CSI,1,,3,,2,,40.6924,-112.2644,-112264400,40692400,5,13/04/2009 02:03:16 PM,13/11/2020 01:48:13 PM,1,43,44,http://mesowest.utah.edu/cgi-bin/droman/meso_base_dyn.cgi?product=roads&stn=ut9
26,26,26,80-12795-V5,ut5,3,CSI,1,NULL,2,10.202.7.180,0,NULL,40.712,-111.802,-111802000,40712000,5,13/04/2009 02:03:16 PM,30/10/2009 03:44:24 PM,1,45,46,http://mesowest.utah.edu/cgi-bin/droman/meso_base.cgi?product=roads&stn=ut5
27,27,27,,utqry,3,CSI,1,NULL,2,10.202.9.100,2,NULL,40.7258,-111.7681,-111765600,40728100,5,13/04/2009 02:03:16 PM,02/06/2014 04:00:54 PM,1,47,48,http://mesowest.utah.edu/cgi-bin/droman/meso_base.cgi?product=roads&stn=utqry
29,29,29,80-13888-V3,ut3,3,CSI,1,NULL,2,10.202.10.100,0,NULL,40.7528,-111.6248,-111625000,40753000,5,13/04/2009 02:03:16 PM,14/10/2013 02:33:05 PM,1,51,52,http://mesowest.utah.edu/cgi-bin/droman/meso_base.cgi?product=roads&stn=ut3
30,30,30,80-14427-S7,kij,3,CSI,1,NULL,2,10.213.5.15,0,NULL,40.7275,-111.5426,-111543000,40727000,5,13/04/2009 02:03:16 PM,14/10/2013 02:26:34 PM,1,53,54,http://mesowest.utah.edu/cgi-bin/droman/meso_base.cgi?product=roads&stn=kij
31,31,31,80-14686-S9,utsvc,3,CSI,1,NULL,1,435-940-1971,0,NULL,40.732,-111.4983,-111498000,40732000,5,13/04/2009 02:03:16 PM,14/10/2013 02:38:16 PM,1,55,56,http://mesowest.utah.edu/cgi-bin/droman/meso_base.cgi?product=roads&stn=utsvc
32,32,32,80-19120-V1,ut1,3,CSI,1,NULL,6,166.154.68.92,0,NULL,41.1952,-111.114,-111113970,41195220,5,13/04/2009 02:03:16 PM,20/07/2016 09:29:21 AM,1,57,58,http://mesowest.utah.edu/cgi-bin/droman/meso_base.cgi?product=roads&stn=ut1
33,33,33,,utckh,3,CSI,1,NULL,6,166.154.68.94,0,NULL,41.9113,-112.6052,-112605200,41911300,5,13/04/2009 02:03:16 PM,30/10/2009 03:44:24 PM,1,59,60,http://mesowest.utah.edu/cgi-bin/droman/meso_base.cgi?product=roads&stn=utckh
34,34,34,84-3045-S12,utwtv,3,CSI,1,NULL,4,166.248.124.93,1,NULL,41.8101,-112.3394,-112339000,41810000,5,13/04/2009 02:03:16 PM,01/06/2017 02:31:10 PM,1,61,62,http://mesowest.utah.edu/cgi-bin/droman/meso_base.cgi?product=roads&stn=utwtv
35,35,35,84-8928-S1,pwr,3,CSI,1,NULL,6,166.241.189.1,0,NULL,41.1379,-111.8868,-111887000,41138000,5,13/04/2009 02:03:16 PM,14/10/2013 02:38:16 PM,1,63,64,http://mesowest.utah.edu/cgi-bin/droman/meso_base.cgi?product=roads&stn=pwr
37,37,37,,utlgp,3,CSI,1,NULL,2,"10.203,9.28",0,NULL,40.908,-111.915,-111915000,40908000,5,13/04/2009 02:03:16 PM,09/03/2011 02:59:53 PM,2,65,66,http://mesowest.utah.edu/cgi-bin/droman/meso_base.cgi?product=roads&stn=utlgp
38,38,38,,uts16,3,CSI,1,NULL,6,166.154.68.81,0,NULL,41.421,-111.051,-111051000,41421000,5,13/04/2009 02:03:16 PM,30/10/2009 03:44:24 PM,1,67,68,http://mesowest.utah.edu/cgi-bin/droman/meso_base.cgi?product=roads&stn=uts16
39,39,39,20-1011-S16,utr20,3,CSI,1,NULL,6,166.154.68.79,0,NULL,38.0304,-112.5307,-112531000,38030000,5,13/04/2009 02:03:16 PM,14/10/2013 03:06:30 PM,1,69,70,http://mesowest.utah.edu/cgi-bin/droman/meso_base.cgi?product=roads&stn=utr20
40,40,40,31-1171-C7,sky,3,CSI,1,NULL,4,166.154.68.80,1,NULL,39.636,-111.329,-111329000,39636000,5,13/04/2009 02:03:16 PM,29/08/2017 02:31:10 PM,NULL,71,72,http://mesowest.utah.edu/cgi-bin/droman/meso_base.cgi?product=roads&stn=sky
41,41,41,35-971-C3,kms,3,CSI,1,NULL,1,435-783-6632,0,NULL,40.557,-111.135,-111135000,40557000,5,13/04/2009 02:03:17 PM,15/10/2013 01:19:30 PM,1,161,286,http://mesowest.utah.edu/cgi-bin/droman/meso_base.cgi?product=roads&stn=kms
42,42,42,89-48972-C4,lgs,3,CSI,1,NULL,1,435-946-8248,0,NULL,41.953,-111.492,-111492000,41953000,5,13/04/2009 02:03:17 PM,15/10/2013 01:19:30 PM,1,162,163,http://mesowest.utah.edu/cgi-bin/droman/meso_base.cgi?product=roads&stn=lgs
43,43,43,89-1266-S3,swh,3,CSI,1,NULL,2,10.237.5.192,2,NULL,41.584,-111.976,-111976000,41584000,5,13/04/2009 02:03:16 PM,21/05/2018 05:34:06 PM,1,73,74,http://mesowest.utah.edu/cgi-bin/droman/meso_base.cgi?product=roads&stn=swh
44,44,44,111-416-C1,bac,3,CSI,1,NULL,6,166.154.68.87,0,NULL,40.6352,-112.0559,-112056000,40635000,5,13/04/2009 02:03:16 PM,14/10/2013 02:56:02 PM,1,75,76,http://mesowest.utah.edu/cgi-bin/droman/meso_base.cgi?product=roads&stn=bac
45,45,45,167-688-S2,tpr,3,CSI,1,NULL,4,166.161.134.157,0,NULL,41.2058,-111.8166,-111817000,41206000,5,13/04/2009 02:03:16 PM,14/10/2013 03:06:30 PM,1,77,78,http://mesowest.utah.edu/cgi-bin/droman/meso_base.cgi?product=roads&stn=tpr
46,46,46,191-6214,utmco,3,CSI,1,NULL,4,166.154.68.104,0,NULL,37.7561,-109.3977,-109398000,37756000,5,13/04/2009 02:03:16 PM,11/10/2017 11:46:25 AM,1,79,80,http://mesowest.utah.edu/cgi-bin/droman/meso_base.cgi?product=roads&stn=utmco
47,47,47,,utics,3,CSI,1,NULL,6,166.154.68.82,0,NULL,39.8857,-110.7479,-110747900,39885700,5,13/04/2009 02:03:16 PM,14/10/2013 03:13:03 PM,1,81,82,http://mesowest.utah.edu/cgi-bin/droman/meso_base.cgi?product=roads&stn=utics
48,48,48,,ut248,3,CSI,1,NULL,6,166.154.68.85,0,NULL,40.6338,-111.3849,-111384900,40633800,5,13/04/2009 02:03:16 PM,30/10/2009 03:44:24 PM,1,83,84,http://mesowest.utah.edu/cgi-bin/droman/meso_base.cgi?product=roads&stn=ut248
49,49,49,x-C5,kcwu1,3,CSI,1,NULL,4,166.154.58.91,1,NULL,39.074,-113.638,-113638000,39074000,5,13/04/2009 02:03:17 PM,17/12/2014 05:08:17 PM,0,575,576,http://mesowest.utah.edu/cgi-bin/droman/meso_base.cgi?product=roads&stn=kcwu1
50,50,50,6-19290-S6,rdn,3,CSI,1,NULL,2,10.167.10.168,1,NULL,39.989,-111.37,-111370000,39989000,5,13/04/2009 02:03:16 PM,30/08/2017 09:09:30 AM,1,85,86,http://mesowest.utah.edu/cgi-bin/droman/meso_base_dyn.cgi?product=roads&stn=rdn
51,51,51,6-21039-C6,utsld,3,CSI,1,NULL,2,10.167.11.52,2,NULL,39.928,-111.083,-111083000,39928000,5,13/04/2009 02:03:16 PM,09/10/2017 01:18:56 PM,1,87,88,http://mesowest.utah.edu/cgi-bin/droman/meso_base.cgi?product=roads&stn=utsld
52,52,52,,utmfs,3,CSI,1,NULL,6,166.154.68.84,0,NULL,40.6529,-111.4569,-111456900,40652900,5,13/04/2009 02:03:16 PM,30/10/2009 03:44:24 PM,1,89,90,http://mesowest.utah.edu/cgi-bin/droman/meso_base.cgi?product=roads&stn=utmfs
53,53,53,,utheb,3,CSI,1,NULL,6,166.154.68.83,0,NULL,40.5636,-111.4288,-111428800,40563600,5,13/04/2009 02:03:16 PM,30/10/2009 03:44:24 PM,1,91,92,http://mesowest.utah.edu/cgi-bin/droman/meso_base.cgi?product=roads&stn=utheb
54,54,54,40-8150-S19,utstv,3,CSI,1,NULL,3,172.31.146.157,0,NULL,40.173,-110.493,-110493000,40173000,5,13/04/2009 02:03:16 PM,30/10/2009 03:44:24 PM,1,93,94,http://mesowest.utah.edu/cgi-bin/droman/meso_base.cgi?product=roads&stn=utstv
55,55,55,,utpr1,3,CSI,1,,4,166.248.124.99,1,,0.0001,0.0001,1,1,5,13/04/2009 02:03:17 PM,29/07/2021 11:57:37 AM,0,95,96,http://mesowest.utah.edu/cgi-bin/droman/meso_base.cgi?product=roads&stn=utpr1
56,56,56,SR30 - agency #?,ut30,3,CSI,1,NULL,6,166.241.179.181,0,NULL,41.779,-112.0218,-112021800,41779000,5,13/04/2009 02:03:17 PM,09/03/2011 03:01:58 PM,1,158,159,http://mesowest.utah.edu/cgi-bin/droman/meso_base.cgi?product=roads&stn=ut30
58,58,58,,utpwd,3,CSI,1,NULL,5,72.250.214.254,0,NULL,41.3699,-111.764,-111764000,41369900,5,13/04/2009 02:03:17 PM,29/12/2015 06:54:01 AM,1,97,NULL,http://mesowest.utah.edu/cgi-bin/droman/meso_base.cgi?product=roads&stn=utpwd
59,59,59,I-80 @ mp 1 - agency #?,ut32,3,CSI,1,NULL,6,166.241.189.3,0,NULL,40.745,-114.0221,-114022100,40745000,5,13/11/2009 10:03:05 PM,09/11/2012 10:18:54 AM,NULL,144,251,http://mesowest.utah.edu/cgi-bin/droman/meso_base.cgi?product=roads&stn=ut32
60,60,60,I-80 @ mp 29 - agency #?,ut33,3,CSI,1,NULL,6,166.154.68.101,0,NULL,40.7313,-113.4992,-113499200,40731300,5,13/11/2009 10:07:19 PM,09/11/2012 10:19:18 AM,NULL,145,252,http://mesowest.utah.edu/cgi-bin/droman/meso_base.cgi?product=roads&stn=ut33
61,61,61,I-80 @ mp 78 - agency #?,ut31,3,CSI,1,NULL,6,166.154.68.96,0,NULL,40.7404,-112.624,-112624000,40740400,5,13/11/2009 10:10:48 PM,09/11/2012 10:19:38 AM,NULL,146,253,http://mesowest.utah.edu/cgi-bin/droman/meso_base.cgi?product=roads&stn=ut31
62,62,62,SR-12 @ Boulder Summit - agency #?,NULL,3,CSI,1,NULL,6,166.154.66.109,0,NULL,-111.3269,38.0432,-111326900,38043200,5,13/11/2009 10:49:40 PM,15/10/2013 01:19:30 PM,NULL,153,278,http://mesowest.utah.edu/cgi-bin/droman/meso_base.cgi?product=roads&stn=utbld
63,63,63,SR-30 @ Curlew - agency #?,NULL,3,CSI,1,NULL,6,166.154.66.107,0,NULL,41.938,-113.086,-113086000,41938000,5,13/11/2009 10:54:58 PM,15/10/2013 01:19:30 PM,NULL,154,192,http://mesowest.utah.edu/cgi-bin/droman/meso_base.cgi?product=roads&stn=utcur
64,64,64,SR95 @ Salvation Knoll - agency #?,NULL,3,CSI,1,NULL,6,166.154.66.108,0,NULL,37.5647,-109.8186,-109818600,37564700,5,13/11/2009 10:57:52 PM,15/10/2013 01:19:30 PM,NULL,155,255,http://mesowest.utah.edu/cgi-bin/droman/meso_base.cgi?product=roads&stn=utsal
66,66,66,UDOT,uteur,3,CSI,1,NULL,4,166.241.179.180,0,NULL,39.960353,-112.101387,-112101387,39960353,5,24/02/2011 02:23:17 PM,15/10/2013 01:19:30 PM,0,190,279,http://mesowest.utah.edu/cgi-bin/droman/meso_base.cgi?product=roads&stn=uteur
67,67,67,UDOT,utpcy,3,CSI,1,NULL,0,10.166.9.180,0,NULL,40.3341,-111.6133,-111613300,40334100,5,24/02/2011 03:28:38 PM,15/10/2013 01:19:30 PM,0,194,248,http://mesowest.utah.edu/cgi-bin/droman/meso_base.cgi?product=roads&stn=utpcy
70,69,68,US-6,uthlp,3,CSI,1,NULL,2,10.138.5.144,2,NULL,39.694,-110.8628,-110862800,39694000,5,28/02/2011 02:08:31 PM,20/06/2016 04:19:58 PM,0,193,283,http://mesowest.utah.edu/cgi-bin/droman/meso_base.cgi?product=roads&stn=uthlp
72,71,71,utpr2,utpr2,3,CSI,1,,4,63.42.190.2,1,,39.75584,-110.9912,-110991200,39755840,5,28/02/2011 04:15:24 PM,01/07/2021 04:23:37 PM,0,188,281,http://mesowest.utah.edu/cgi-bin/droman/meso_base_dyn.cgi?product=roads&stn=utpr2
73,72,72,Portable RWIS 3,utpr3,3,CSI,1,,4,166.154.174.246,1,,40.62345,-111.4962,-111496200,40623450,5,01/03/2011 01:04:17 PM,20/12/2021 04:15:01 PM,0,189,191,http://mesowest.utah.edu/cgi-bin/droman/meso_base_dyn.cgi?product=roads&stn=utpr3
74,73,73,Pioneer Crossing ,utpcr,3,CSI,1,NULL,2,10.212.15.16,1,NULL,40.3725,-111.9161,-111916100,40372500,5,01/03/2011 01:16:13 PM,14/10/2013 02:42:30 PM,0,205,275,http://mesowest.utah.edu/cgi-bin/droman/meso_base.cgi?product=roads&stn=utpcr
75,74,74,I-84 @ Devils Slide,NULL,3,CSI,1,NULL,4,166.140.209.133,0,NULL,41.0568,-111.5322,-111532200,41056800,5,16/11/2011 03:40:30 PM,21/01/2015 03:10:07 PM,1,196,197,http://mesowest.utah.edu/cgi-bin/droman/meso_base.cgi?product=roads&stn=utdev
76,75,75,UTDAN,UTDAN,3,CSI,1,NULL,4,166.148.86.240,1,NULL,40.3033,-111.2578,-111257800,40303300,5,16/11/2011 03:46:56 PM,26/09/2017 01:28:48 PM,1,199,198,http://mesowest.utah.edu/cgi-bin/droman/meso_base.cgi?product=roads&stn=utdan
77,76,76,Portable RWIS 4,utpr4,3,CSI,1,NULL,4,166.154.174.242,1,NULL,40.2415,-111.177,-112351700,40469400,5,24/11/2011 07:30:44 AM,02/08/2018 02:50:59 PM,0,201,282,http://mesowest.utah.edu/cgi-bin/droman/meso_base.cgi?product=roads&stn=utpr4
78,77,77,Portable RWIS 5,utpr5,3,CSI,1,,4,166.253.125.135,1,,38.83233,-112.48114,-112481140,38832330,5,30/11/2011 04:18:32 PM,26/07/2021 02:54:20 PM,0,207,373,http://mesowest.utah.edu/cgi-bin/droman/meso_base_dyn.cgi?product=roads&stn=utpr5
79,78,78,I-15 @ Beaver Ridge,NULL,3,CSI,1,NULL,2,10.136.6.52,1,NULL,38.14989,-112.61045,-112610450,38149890,5,09/12/2011 08:37:26 AM,23/02/2016 12:59:44 PM,0,208,209,http://mesowest.utah.edu/cgi-bin/droman/meso_base.cgi?product=roads&stn=utbvr
80,79,79,Portable Traffic #1,utpt1,3,CSI,1,,4,166.140.152.92,1,,37.7652,-113.0554,-113055400,37765200,5,27/12/2011 02:22:12 PM,20/04/2021 04:31:52 PM,0,340,886,http://mesowest.utah.edu/cgi-bin/droman/meso_base_dyn.cgi?product=roads&stn=utpt1
81,80,80,Portable Traffic #2,utpt2,3,CSI,1,,4,166.140.152.254,1,,37.1618,-113.3884,-113388400,37161800,5,27/12/2011 02:23:35 PM,09/06/2021 09:34:33 AM,0,341,886,http://mesowest.utah.edu/cgi-bin/droman/meso_base_dyn.cgi?product=roads&stn=utpt2
82,81,81,SR-143 @ Brian Head,BHCU1,3,CR1000,1,NULL,4,166.154.68.93,1,NULL,37.6628,-112.8375,-112837500,37662800,5,28/09/2012 11:12:04 AM,28/09/2012 02:48:47 PM,1,246,247,http://mesowest.utah.edu/cgi-bin/droman/meso_base.cgi?product=roads&stn=bhcu1
83,82,82,SR-85 @ Juniper,NULL,3,CR1000,1,NULL,2,10.207.6.100,1,NULL,40.48607,-111.99415,-111994150,40486070,5,01/11/2012 10:04:52 AM,23/10/2017 11:18:27 AM,1,257,259,http://mesowest.utah.edu/cgi-bin/droman/meso_base.cgi?product=roads&stn=UTJUN
85,84,83,Riverdale Rd,Riverdale Rd,3,CR1000,1,NULL,2,10.235.5.34,2,NULL,41.1748,-112.0092,-112009200,41174800,5,11/01/2013 02:50:38 PM,11/01/2013 03:18:28 PM,1,262,261,http://mesowest.utah.edu/cgi-bin/droman/meso_base.cgi?product=roads&stn=utriv
86,85,84,I-84 @ Dannon Way,NULL,3,CR1000,1,NULL,4,166.154.68.103,1,NULL,40.58227,-112.0304,-112030400,40582200,5,01/03/2013 04:29:43 PM,23/02/2016 01:01:23 PM,1,263,264,http://mesowest.utah.edu/cgi-bin/droman/meso_base.cgi?stn=utdwy&product=roads
87,86,85,I-15 @ Orem,utorm,3,CR1000,1,NULL,4,NULL,1,NULL,40.31918,-111.72648,-111726480,40319180,5,15/03/2013 08:57:01 AM,23/02/2016 01:01:23 PM,1,266,268,http://mesowest.utah.edu/cgi-bin/droman/meso_base.cgi?stn=UTORM&product=roads
88,87,86,I-15 @ Provo,NULL,3,CR1000,1,NULL,4,NULL,1,NULL,40.20438,-111.65569,-111655690,40204380,5,15/03/2013 09:01:18 AM,23/02/2016 01:00:31 PM,1,269,271,http://mesowest.utah.edu/cgi-bin/droman/meso_base.cgi?stn=UTPRV&product=roads
89,88,87,utfsh,utfsh,3,CSI,1,NULL,0,NULL,0,NULL,38.56391,-112.43374,-112433740,38563910,5,22/09/2013 01:52:52 PM,27/01/2014 08:45:22 AM,1,272,367,http://mesowest.utah.edu/cgi-bin/droman/meso_base.cgi?product=roads&stn=utfsh
90,89,88,utasg,utasg,3,CSI,1,NULL,4,NULL,0,NULL,40.404631,-111.604574,-111604574,40404631,5,22/09/2013 02:14:52 PM,09/11/2015 09:46:08 AM,NULL,287,NULL,http://mesowest.utah.edu/cgi-bin/droman/meso_base_dyn.cgi?stn=UTASG
91,90,89,snd,snd,3,unknown,1,NULL,4,NULL,0,NULL,NULL,NULL,-111593964,40368386,5,15/10/2013 01:25:49 PM,09/11/2015 09:45:35 AM,NULL,274,NULL,http://mesowest.utah.edu/cgi-bin/droman/meso_base_dyn.cgi?stn=SND
92,100,92,Wayne Summit,utway,3,CSI,1,NULL,4,NULL,1,NULL,38.450296,-111.823236,-111823236,38450296,5,15/10/2013 01:30:17 PM,05/11/2015 04:54:34 PM,NULL,284,285,http://mesowest.utah.edu/cgi-bin/droman/meso_base.cgi?stn=utway
93,91,90,bunut,bunut,3,unknown,1,NULL,0,NULL,0,NULL,NULL,NULL,-111563976,40314757,5,15/10/2013 01:30:17 PM,09/11/2015 09:47:07 AM,NULL,276,NULL,http://mesowest.utah.edu/cgi-bin/droman/meso_base_dyn.cgi?stn=BUNUT
94,94,91,snm,NULL,3,unknown,1,NULL,3,NULL,0,NULL,NULL,NULL,-111594479,40374406,5,15/10/2013 01:30:17 PM,09/11/2015 09:48:02 AM,NULL,277,NULL,http://mesowest.utah.edu/cgi-bin/droman/meso_base_dyn.cgi?stn=SNM
95,95,93,SR-190 @ Cardiff,utcdf,3,CSI,1,NULL,4,NULL,2,NULL,40.6494,-111.6486,-111648600,40649400,5,05/12/2013 11:20:43 AM,25/01/2014 10:05:36 AM,NULL,335,336,http://mesowest.utah.edu/cgi-bin/droman/meso_base.cgi?stn=utcdf
96,116,94,csc,csc,3,unknown,1,NULL,0,NULL,0,NULL,40.312604,-111.588704,NULL,NULL,NULL,25/01/2014 10:23:12 AM,25/01/2014 10:54:39 AM,NULL,372,NULL,http://mesowest.utah.edu/cgi-bin/droman/meso_base.cgi?stn=csc
97,149,95,I-80 @ Coalville,NULL,3,CSI,1,NULL,2,10.213.9.28,2,NULL,40.91775,-111.40721,-111407210,40917750,5,02/06/2014 04:12:42 PM,02/06/2014 04:12:42 PM,1,533,534,http://mesowest.utah.edu/cgi-bin/droman/meso_base.cgi?stn=utcol
98,150,96,I-80 @ Wanship,utwan,3,CSI,1,NULL,2,10.213.9.16,0,NULL,40.81295,-111.40141,-111401410,40812950,5,02/06/2014 04:15:45 PM,02/06/2014 04:15:45 PM,1,535,536,http://mesowest.utah.edu/cgi-bin/droman/meso_base.cgi?stn=utwan
99,151,97,I-15 @ Beer Creek,utbrc,3,CSI,1,NULL,2,10.167.8.168,1,NULL,40.073,-111.7151,-111715100,40073000,5,09/06/2014 11:05:39 AM,09/06/2014 11:05:39 AM,1,532,542,http://mesowest.utah.edu/cgi-bin/droman/meso_base.cgi?stn=utbrc
100,153,98,uttpd,uttpd,3,CSI,1,NULL,2,10.214.5.64,2,NULL,40.6229,-111.7504,-111750400,40622900,5,18/08/2014 03:15:08 PM,24/02/2016 09:01:09 AM,1,560,561,http://mesowest.utah.edu/cgi-bin/droman/meso_base.cgi?stn=UTTPD&product=roads
101,154,99,utstr,utstr,3,CSI,1,NULL,2,10.214.5.204,2,NULL,40.6341,-111.7235,-111723500,40634100,5,18/08/2014 03:19:28 PM,18/08/2014 03:19:28 PM,1,558,559,http://mesowest.utah.edu/cgi-bin/droman/meso_base.cgi?stn=UTSTR
103,98,100,utjps,utjps,3,CSI,1,NULL,1,10.205.17.16,1,NULL,40.33741,-112.57295,-112572950,40337410,5,24/11/2014 08:37:48 AM,24/11/2014 08:37:48 AM,NULL,567,568,http://mesowest.utah.edu/cgi-bin/droman/meso_base.cgi?stn=utjps
104,157,101,SR-65 @ Big Mountain Pass,utbig,3,CSI,1,NULL,4,166.140.120.237,1,NULL,40.82794,-111.65448,-111654480,40827940,5,08/12/2014 01:03:46 PM,09/12/2014 04:48:22 PM,1,569,570,http://mesowest.utah.edu/cgi-bin/droman/meso_base.cgi?product=roads&stn=utbig
105,159,102,SR-35 @ Wolf Creek Pass,NULL,3,CSI,1,NULL,4,166.154.68.82,1,NULL,40.4872,-111.0344,-111034400,40487200,5,05/01/2015 03:42:14 PM,05/01/2015 03:42:14 PM,1,577,578,http://mesowest.utah.edu/cgi-bin/droman/meso_base.cgi?product=roads&stn=utwlf
106,163,103,SR-153 near Puffer Lake,utpfl,3,CSI,1,NULL,4,166.241.179.174,1,NULL,38.32091,-112.37263,-112372630,38320910,5,19/01/2015 10:55:53 AM,19/01/2015 10:55:53 AM,1,596,597,http://mesowest.utah.edu/cgi-bin/droman/meso_base.cgi?product=roads&stn=utpfl
107,164,104,I-70 @ SR-24,utsla,3,CSI,1,NULL,4,166.154.68.83,1,NULL,38.87622,-111.95875,-111958750,38876220,5,19/01/2015 10:59:57 AM,19/01/2015 10:59:57 AM,1,598,599,http://mesowest.utah.edu/cgi-bin/droman/meso_base.cgi?stn=utsla
108,165,105,SR-72 @ Hogan Pass,uthgp,3,CSI,1,NULL,4,166.140.123.10,1,NULL,38.58288,-111.47778,-111477780,38582880,5,19/01/2015 05:28:04 PM,19/01/2015 05:28:04 PM,NULL,600,601,http://mesowest.utah.edu/cgi-bin/droman/meso_base.cgi?product=roads&stn=UTHGP
109,166,106,SR-210 @ Powerhouse,utplc,3,CSI,1,NULL,2,10.201.15.88,2,NULL,40.57096,-111.74374,-111743740,40570960,5,22/01/2015 09:20:46 AM,22/01/2015 09:20:46 AM,1,602,603,http://mesowest.utah.edu/cgi-bin/droman/meso_base.cgi?product=roads&stn=utplc
110,167,107,SR-210 @ White Pine,UTWLC,3,CSI,1,NULL,2,10.201.15.204,2,NULL,40.576,-111.6815,-111681500,40576000,5,26/01/2015 03:05:09 PM,18/03/2015 01:54:15 PM,1,604,605,http://mesowest.utah.edu/cgi-bin/droman/meso_base.cgi?product=roads&stn=UTWLC
111,168,108,SR-150 @ Bald Mountain Pass,NULL,3,CSI,1,NULL,4,166.148.71.204,1,NULL,40.6872,-110.9045,-110904500,40687200,5,05/02/2015 12:20:46 PM,05/02/2015 03:37:00 PM,NULL,606,607,http://mesowest.utah.edu/cgi-bin/droman/meso_base.cgi?product=roads&stn=utbmp
112,170,109,I-15 @ Beaver,utbev,3,CSI,1,NULL,2,10.136.5.28,0,NULL,38.2934,-112.651,-112651000,38293400,5,02/03/2015 04:54:45 PM,03/03/2015 08:46:03 AM,1,614,615,http://mesowest.utah.edu/cgi-bin/droman/meso_base.cgi?stn=UTBEV&product=roads
113,172,110,I-15 @ Wildcat,NULL,3,CSI,1,NULL,2,10.136.5.168,1,NULL,38.4212,-112.6492,-112649200,38421200,5,12/03/2015 11:57:37 AM,12/03/2015 12:01:07 PM,1,620,621,http://mesowest.utah.edu/cgi-bin/droman/meso_base.cgi?product=roads&stn=UTWCR
114,197,111,uttp1,uttp1,3,CSI,0,NULL,4,166.140.127.235,1,NULL,41.56972,-111.96803,-111968030,41569720,5,24/08/2015 12:07:18 PM,28/10/2016 12:08:04 PM,0,718,719,http://mesowest.utah.edu/cgi-bin/droman/meso_base_dyn.cgi?product=roads&stn=UTTP1
115,198,112,iff,NULL,3,unknown,1,NULL,0,NULL,0,NULL,40.595,-111.6519,-111651900,40595000,5,30/10/2015 12:50:29 PM,09/11/2015 09:13:00 AM,NULL,725,NULL,http://mesowest.utah.edu/cgi-bin/droman/meso_base_dyn.cgi?stn=IFF
116,199,113,rey,REY,3,unknown,1,NULL,4,NULL,0,NULL,40.662117,-111.646764,-111646764,40662117,5,30/10/2015 12:52:13 PM,09/11/2015 09:13:00 AM,NULL,727,NULL,http://mesowest.utah.edu/cgi-bin/droman/meso_base_dyn.cgi?stn=REY
117,200,114,agd,AGD,3,unknown,1,NULL,4,NULL,0,NULL,40.5905,-111.638,-111638000,40590500,5,30/10/2015 12:55:00 PM,09/11/2015 09:14:06 AM,NULL,726,NULL,http://mesowest.utah.edu/cgi-bin/droman/meso_base_dyn.cgi?stn=AGD
118,201,115,spc,SPC,3,unknown,1,NULL,4,NULL,0,NULL,NULL,NULL,-111636000,40641000,5,30/10/2015 12:57:03 PM,09/11/2015 09:15:30 AM,NULL,728,NULL,http://mesowest.utah.edu/cgi-bin/droman/meso_base_dyn.cgi?stn=SPC
119,202,116,dcc,NULL,3,unknown,1,NULL,4,NULL,0,NULL,40.40147,-111.520649,-111520649,40401470,5,30/10/2015 01:00:42 PM,09/11/2015 09:16:53 AM,NULL,724,NULL,http://mesowest.utah.edu/cgi-bin/droman/meso_base_dyn.cgi?stn=DCC
120,203,117,elbut,ELBUT,3,unknown,1,NULL,4,NULL,0,NULL,40.57579,-111.68773,-111687730,40575790,5,30/10/2015 01:04:52 PM,09/11/2015 09:30:17 AM,NULL,730,NULL,http://mesowest.utah.edu/cgi-bin/droman/meso_base_dyn.cgi?stn=ELBUT
121,204,120,alt,NULL,3,unknown,1,NULL,0,NULL,0,NULL,40.571,-111.631,NULL,NULL,NULL,04/02/2016 09:18:53 AM,18/02/2016 10:31:52 AM,NULL,736,NULL,http://mesowest.utah.edu/cgi-bin/droman/meso_base_dyn.cgi?stn=ALT
122,205,118,atb,NULL,3,unknown,1,NULL,0,NULL,0,NULL,40.589,-111.637,NULL,NULL,NULL,04/02/2016 09:18:53 AM,18/02/2016 10:33:08 AM,NULL,734,NULL,http://mesowest.utah.edu/cgi-bin/droman/meso_base_dyn.cgi?stn=ATB
123,206,119,amb,NULL,3,unknown,1,NULL,0,NULL,0,NULL,40.5677,-111.6374,NULL,NULL,NULL,04/02/2016 09:18:53 AM,18/02/2016 10:31:52 AM,NULL,735,NULL,http://mesowest.utah.edu/cgi-bin/droman/meso_base_dyn.cgi?stn=AMB
124,207,121,UT201,UT201,3,CSI,1,NULL,4,166.241.179.176,2,NULL,40.72255,-112.22569,-112225690,40722550,5,17/02/2016 05:12:40 PM,18/02/2016 03:30:33 PM,1,737,738,http://mesowest.utah.edu/cgi-bin/droman/meso_base.cgi?stn=ut201&product=roads
125,208,122,UTI70,UTI70,3,CSI,1,NULL,2,10.135.5.156,2,NULL,38.5771,-112.6038,-112603800,38577100,5,24/02/2016 05:08:16 PM,24/02/2016 05:08:16 PM,1,739,740,http://mesowest.utah.edu/cgi-bin/droman/meso_base.cgi?stn=uti70&product=roads
126,209,123,UTPKL,UTPKL,3,CSI,1,NULL,6,166.161.134.155,1,NULL,40.98985,-111.9013,-111901300,40989850,5,07/06/2016 12:11:25 PM,07/06/2016 12:11:25 PM,0,743,744,http://mesowest.utah.edu/cgi-bin/droman/meso_base.cgi?product=roads&stn=utpkl
127,210,124,UTPCH,UTPCH,3,CSI,1,40004,2,10.136.6.156,1,NULL,38.4809,-112.6166,-112616600,38480900,5,07/06/2016 12:23:44 PM,07/06/2016 12:23:44 PM,1,745,746,http://mesowest.utah.edu/cgi-bin/droman/meso_base.cgi?product=roads&stn=utpch
128,211,125,UTLPC,UTLPC,3,CSI,1,39586,2,10.166.9.168,2,NULL,40.3284,-111.639,-111639000,40328400,5,07/06/2016 12:36:01 PM,07/06/2016 12:36:01 PM,1,747,748,http://mesowest.utah.edu/cgi-bin/droman/meso_base.cgi?product=roads&stn=utlpc
129,212,126,UTDCD,UTDCD,3,CSI,1,NULL,2,10.166.10.88,2,NULL,40.40525,-111.5266,-111526600,40405250,5,15/06/2016 09:45:54 AM,15/06/2016 09:45:54 AM,1,749,750,http://mesowest.utah.edu/cgi-bin/droman/meso_base.cgi?product=roads&stn=utdcd
130,213,127,UTTP2,UTTP2,3,CSI,1,NULL,4,166.154.174.246,1,NULL,38.9503,-109.6858,-109685800,38950300,5,15/06/2016 09:45:54 AM,15/06/2016 09:45:54 AM,0,751,752,http://mesowest.utah.edu/cgi-bin/droman/meso_base.cgi?product=roads&stn=uttp2
131,214,128,ut14s,ut14s,3,CSI,1,NULL,4,166.241.153.252,1,NULL,37.56805,-112.85013,-112850130,37568050,5,03/08/2016 02:33:56 PM,04/08/2016 08:38:24 AM,1,766,767,http://mesowest.utah.edu/cgi-bin/droman/meso_base.cgi?product=roads&stn=ut14s
132,215,129,UTTP3,UTTP3,3,CSI,1,NULL,4,166.154.68.92,1,NULL,37.30665,-113.2981,-113298100,37306650,5,30/08/2016 04:18:04 PM,30/08/2016 04:18:04 PM,0,768,769,http://mesowest.utah.edu/cgi-bin/droman/meso_base.cgi?product=roads&stn=uttp3
133,216,130,UTMPK,UTMPK,3,CSI,1,NULL,4,166.154.68.96,1,NULL,39.614327,-111.177347,-111177347,39614327,5,22/12/2016 11:19:57 AM,22/12/2016 01:26:14 PM,NULL,770,NULL,http://mesowest.utah.edu/cgi-bin/droman/meso_base_dyn.cgi?product=roads&stn=utmpk
134,217,131,UTCHL,UTCHL,3,CSI,1,NULL,2,10.170.5.88,2,NULL,40.4558,-111.4707,-111470700,40455800,5,20/02/2017 05:43:35 PM,20/02/2017 05:56:07 PM,NULL,771,772,http://mesowest.utah.edu/cgi-bin/droman/meso_base_dyn.cgi?product=roads&stn=UTCHL
135,218,132,UTUSU,UTUSU,3,CSI,1,NULL,4,166.248.124.100,1,NULL,41.73977,-111.8112,-111811200,41739770,5,13/07/2017 05:26:13 PM,13/07/2017 05:26:13 PM,1,773,774,http://mesowest.utah.edu/cgi-bin/droman/meso_base_dyn.cgi?product=roads&stn=utusu
136,219,133,UTCIR,UTCIR,3,CSI,1,NULL,4,166.140.120.238,1,NULL,39.0202,-112.3047,-112304700,39020200,5,17/07/2017 11:20:22 AM,17/07/2017 11:20:22 AM,1,775,776,http://mesowest.utah.edu/cgi-bin/droman/meso_base_dyn.cgi?product=roads&stn=utcir
137,220,134,UTPRG,UTPRG,3,CSI,1,NULL,4,166.154.174.246,1,NULL,37.9292,-112.7657,-112765700,37929200,5,22/08/2017 11:42:51 AM,22/08/2017 11:42:51 AM,1,777,778,http://mesowest.utah.edu/cgi-bin/droman/meso_base_dyn.cgi?product=roads&stn=utprg
138,221,135,UTTP1,UTTP1,3,CSI,1,NULL,4,166.140.127.235,1,NULL,40.2415,-111.177,-111177000,40241500,5,20/09/2017 11:10:29 AM,20/09/2017 11:10:29 AM,0,779,780,http://mesowest.utah.edu/cgi-bin/droman/meso_base_dyn.cgi?product=roads&stn=uttp1
139,222,136,UTOLY,UTOLY,3,CSI,1,NULL,2,10.201.6.122,2,NULL,40.6826,-111.7973,-111797300,40682600,5,30/11/2017 11:14:53 AM,30/11/2017 11:14:53 AM,1,781,782,http://mesowest.utah.edu/cgi-bin/droman/meso_base_dyn.cgi?product=roads&stn=UTOLY
140,223,137,UT224,UT224,3,CSI,1,NULL,2,10.213.5.216,2,NULL,40.6757,-111.52115,-111521150,40675700,5,14/12/2017 11:16:38 AM,14/12/2017 11:16:38 AM,1,783,784,http://mesowest.utah.edu/cgi-bin/droman/meso_base_dyn.cgi?product=roads&stn=UT224
141,224,138,I-215 @ I-80,UT215,3,CSI,1,NULL,6,166.154.68.112,1,NULL,40.76605,-111.9499,-111949900,40766050,5,19/12/2017 08:35:38 AM,19/12/2017 10:57:56 AM,1,785,786,http://mesowest.utah.edu/cgi-bin/droman/meso_base_dyn.cgi?product=roads&stn=UT215
142,225,139,UTRCH,UTRCH,3,CSI,1,NULL,2,NULL,2,NULL,NULL,NULL,-112098600,38772500,5,20/12/2017 01:18:58 PM,20/12/2017 01:18:58 PM,NULL,787,788,http://mesowest.utah.edu/cgi-bin/droman/meso_base_dyn.cgi?product=roads&stn=utrch
143,226,140,UTLAK,UTLAK,3,CSI,1,NULL,4,166.253.125.134,1,NULL,40.1768,-111.92455,-111924550,40176800,5,14/05/2018 11:53:45 AM,14/05/2018 11:53:45 AM,NULL,789,790,http://mesowest.utah.edu/cgi-bin/droman/meso_base_dyn.cgi?product=roads&stn=utlak
144,227,142,UTDOL,UTDOL,3,CSI,1,NULL,4,166.253.125.137,1,NULL,40.722,-112.564,-112564000,40722000,5,22/05/2018 04:58:06 PM,22/05/2018 04:58:06 PM,NULL,793,794,http://mesowest.utah.edu/cgi-bin/droman/meso_base_dyn.cgi?product=roads&stn=utdol
145,228,141,UTEDL,UTEDL,3,CSI,1,NULL,4,166.253.125.136,1,NULL,40.756,-112.75845,-112758450,40756000,5,22/05/2018 04:58:06 PM,22/05/2018 04:58:06 PM,NULL,791,792,http://mesowest.utah.edu/cgi-bin/droman/meso_base_dyn.cgi?product=roads&stn=utedl
146,229,143,UTTIM,UTTIM,3,CSI,1,NULL,3,NULL,1,NULL,40.7335,-112.6018,-112601800,40733500,5,07/06/2018 03:49:36 PM,07/06/2018 03:49:36 PM,NULL,795,796,http://mesowest.utah.edu/cgi-bin/droman/meso_base_dyn.cgi?product=roads&stn=uttim
147,230,144,UTWDL,UTWDL,3,CSI,1,NULL,4,166.241.189.4,1,NULL,40.7729,-112.801,-112801000,40772900,5,07/06/2018 03:58:20 PM,07/06/2018 03:58:20 PM,NULL,797,798,http://mesowest.utah.edu/cgi-bin/droman/meso_base_dyn.cgi?product=roads&stn=utwdl
148,231,145,UTMAN,UTMAN,3,CSI,1,NULL,2,10.237.5.156,2,NULL,41.498,-111.9532,-111953200,41498000,5,20/06/2018 02:16:26 PM,20/06/2018 02:16:26 PM,1,799,801,http://mesowest.utah.edu/cgi-bin/droman/meso_base_dyn.cgi?product=roads&stn=utman
149,232,146,UTWEL,UTWEL,3,CSI,1,NULL,2,10.237.6.88,2,NULL,41.6562,-111.9028,-111902800,41656200,5,20/06/2018 02:16:26 PM,20/06/2018 02:16:26 PM,1,800,802,http://mesowest.utah.edu/cgi-bin/droman/meso_base_dyn.cgi?product=roads&stn=utwel
150,233,147,UTCDC,UTCDC,3,CSI,1,NULL,2,10.132.5.64,2,NULL,37.655,-113.0829,-113082900,37655000,5,05/07/2018 11:46:55 AM,05/07/2018 11:46:55 AM,NULL,803,804,https://mesowest.utah.edu/cgi-bin/droman/meso_base_dyn.cgi?product=roads&stn=utcdc
151,234,148,UTTP2,UTTP2,3,CSI,1,NULL,3,NULL,1,NULL,40.748,-114.009,-114009000,40748000,5,05/07/2018 12:40:21 PM,05/07/2018 12:40:21 PM,NULL,805,806,https://mesowest.utah.edu/cgi-bin/droman/meso_base_dyn.cgi?product=roads&stn=uttp2
152,235,149,UTFRW,UTFRW,3,CSI,1,NULL,2,10.235.10.216,2,NULL,41.3204,-112.0267,-112026700,41320400,5,06/07/2018 10:30:48 AM,24/07/2018 11:34:47 AM,1,807,808,https://mesowest.utah.edu/cgi-bin/droman/meso_base_dyn.cgi?product=roads&stn=utfrw
153,236,150,UTECO,UTECO,3,CSI,1,NULL,4,NULL,1,NULL,NULL,NULL,-111374450,41010250,5,02/08/2018 05:12:33 PM,02/08/2018 05:12:33 PM,NULL,809,810,https://mesowest.utah.edu/cgi-bin/droman/meso_base_dyn.cgi?product=roads&stn=uteco
154,237,151,UTNBC,UTNBC,3,CSI,1,NULL,4,166.154.68.113,1,NULL,41.58227,-112.07223,-112072230,41582270,5,23/08/2018 01:25:00 PM,23/08/2018 01:25:00 PM,1,811,812,https://mesowest.utah.edu/cgi-bin/droman/meso_base_dyn.cgi?product=roads&stn=utnbc
155,238,152,UTPSB,UTPSB,3,CSI,1,NULL,4,166.154.68.95,1,NULL,39.4016,-110.8902,-110890200,39401600,5,03/10/2018 09:45:41 AM,03/10/2018 09:45:41 AM,NULL,813,814,https://mesowest.utah.edu/cgi-bin/droman/meso_base_dyn.cgi?product=roads&stn=utpsb
156,239,153,UTSSU,UTSSU,3,CSI,1,NULL,4,NULL,1,NULL,NULL,NULL,-111493380,38783190,5,31/10/2018 11:16:13 AM,31/10/2018 11:16:13 AM,NULL,815,816,https://mesowest.utah.edu/cgi-bin/droman/meso_base_dyn.cgi?product=roads&stn=utssu
157,240,154,UTTP4,UTTP4,3,CSI,1,NULL,4,166.154.68.104,1,NULL,40.1945,-110.9621,-110962100,40194500,5,03/06/2019 05:22:24 PM,03/06/2019 05:22:24 PM,NULL,817,NULL,https://mesowest.utah.edu/cgi-bin/droman/meso_base_dyn.cgi?product=roads&stn=uttp4
158,243,155,UTLAM,UTLAM,3,CSI,1,NULL,3,10.202.10.112,1,NULL,40.7397,-111.673,-111673000,40739700,5,17/06/2019 04:15:58 PM,17/06/2019 04:15:58 PM,1,818,819,https://mesowest.utah.edu/cgi-bin/droman/meso_base_dyn.cgi?product=roads&stn=utlam
159,244,156,UTFMC,UTFMC,3,CSI,1,NULL,2,10.202.23.40,2,NULL,40.75757,-111.83607,-111836070,40757570,5,27/06/2019 05:36:09 PM,18/05/2020 08:22:36 AM,1,820,821,https://mesowest.utah.edu/cgi-bin/droman/meso_base_dyn.cgi?product=roads&stn=utfmc
160,245,157,UTMRN,UTMRN,3,CSI,1,NULL,4,166.241.153.251,2,NULL,40.69837,-111.28088,-111280880,40698370,5,16/07/2019 05:24:11 PM,16/07/2019 05:24:11 PM,1,822,823,https://mesowest.utah.edu/cgi-bin/droman/meso_base_dyn.cgi?product=roads&stn=utmrn
161,246,158,UTTP5,UTTP5,3,CSI,1,NULL,4,63.42.58.79,1,NULL,37.7157,-112.8473,-112847300,37715700,5,18/07/2019 04:26:43 PM,18/07/2019 04:26:43 PM,NULL,824,NULL,https://mesowest.utah.edu/cgi-bin/droman/meso_base_dyn.cgi?product=roads&stn=uttp5
162,247,159,UTTP6,UTTP6,3,CSI,1,NULL,4,166.148.71.205,1,NULL,39.8785,-111.5212,-111521200,39878500,5,07/08/2019 10:03:40 AM,08/08/2019 05:44:49 PM,NULL,825,NULL,https://mesowest.utah.edu/cgi-bin/droman/meso_base_dyn.cgi?product=roads&stn=uttp6
163,248,160,UT123,UT123,3,CSI,1,NULL,4,63.42.105.243,0,NULL,39.526,-110.5744,-110574400,39526000,5,14/08/2019 04:18:27 PM,15/08/2019 08:16:35 AM,NULL,826,827,https://mesowest.utah.edu/cgi-bin/droman/meso_base_dyn.cgi?product=roads&stn=UT123
164,249,161,UTLMP,UTLMP,3,CSI,1,NULL,4,166.148.71.204,1,NULL,39.5944,-111.9161,-111916100,39594400,5,19/08/2019 10:14:04 AM,19/08/2019 10:14:04 AM,1,828,829,https://mesowest.utah.edu/cgi-bin/droman/meso_base_dyn.cgi?product=roads&stn=utlmp
165,250,162,UTRKY,UTRKY,3,CSI,1,NULL,4,166.161.187.10,1,NULL,39.9371,-111.8112,-111811200,39937100,5,20/08/2019 12:51:07 PM,20/08/2019 12:51:07 PM,1,830,831,https://mesowest.utah.edu/cgi-bin/droman/meso_base_dyn.cgi?product=roads&stn=utrky
166,251,163,UTFRT,UTFRT,3,CSI,1,NULL,4,NULL,1,NULL,40.20525,-110.77125,-110771250,40205250,5,23/09/2019 08:31:03 AM,23/09/2019 08:31:03 AM,1,832,833,https://mesowest.utah.edu/cgi-bin/droman/meso_base_dyn.cgi?product=roads&stn=utfrt
167,252,164,UTCOP,UTCOP,3,CSI,1,NULL,4,166.154.68.82,1,NULL,40.2418,-111.1771,-111177100,40241800,5,16/10/2019 01:23:32 PM,16/10/2019 01:23:32 PM,NULL,834,835,https://mesowest.utah.edu/cgi-bin/droman/meso_base_dyn.cgi?product=roads&stn=UTCOP
168,253,165,UTMPO,UTMPO,3,CSI,1,NULL,4,166.241.189.4,1,NULL,37.873,-109.3061,-109306100,37873000,5,19/11/2019 10:10:06 AM,19/11/2019 10:10:06 AM,NULL,836,837,https://mesowest.utah.edu/cgi-bin/droman/meso_base_dyn.cgi?product=roads&stn=utmpo
169,254,166,UTPOR,UTPOR,3,CSI,1,NULL,4,166.253.125.136,1,NULL,41.9675,-112.1808,-112180800,41967500,5,13/04/2020 09:30:26 AM,13/04/2020 09:30:26 AM,1,838,839,https://mesowest.utah.edu/cgi-bin/droman/meso_base_dyn.cgi?product=roads&stn=utpor
170,255,168,UTASH,UTASH,3,CSI,1,NULL,4,166.161.134.156,1,NULL,40.41635,-109.58215,-109582150,40416350,5,03/06/2020 11:32:46 AM,03/06/2020 11:32:46 AM,1,842,843,https://mesowest.utah.edu/cgi-bin/droman/meso_base_dyn.cgi?product=roads&stn=utash
171,256,167,UTMYT,UTMYT,3,CSI,1,NULL,4,63.42.149.121,1,NULL,40.19943,-110.06792,-110067920,40199430,5,03/06/2020 11:32:46 AM,03/06/2020 11:32:46 AM,1,840,841,https://mesowest.utah.edu/cgi-bin/droman/meso_base_dyn.cgi?product=roads&stn=utmyt
172,257,169,UTWPO,UTWPO,3,CSI,1,NULL,4,166.241.179.172,1,NULL,40.64125,-109.4859,-109485900,40641250,5,05/06/2020 02:05:20 PM,05/06/2020 02:05:20 PM,NULL,844,845,https://mesowest.utah.edu/cgi-bin/droman/meso_base_dyn.cgi?product=roads&stn=utwpo
173,258,170,UTBAS,UTBAS,3,CSI,1,NULL,4,166.253.205.19,1,NULL,40.724,-109.4688,-109468800,40724000,5,05/06/2020 02:08:58 PM,05/06/2020 02:08:58 PM,NULL,846,847,https://mesowest.utah.edu/cgi-bin/droman/meso_base_dyn.cgi?product=roads&stn=utbas
174,259,171,UTWIS,UTWIS,3,CSI,1,NULL,4,166.253.205.20,1,NULL,40.8539,-109.46205,-109462050,40853900,5,05/06/2020 02:11:53 PM,05/06/2020 02:11:53 PM,NULL,848,849,https://mesowest.utah.edu/cgi-bin/droman/meso_base_dyn.cgi?product=roads&stn=utwis
175,260,172,UTMOP,UTMOP,3,CSI,1,NULL,4,166.154.68.94,1,NULL,40.84185,-109.64705,-109647050,40841850,5,05/06/2020 02:15:03 PM,05/06/2020 02:15:03 PM,NULL,850,851,https://mesowest.utah.edu/cgi-bin/droman/meso_base_dyn.cgi?product=roads&stn=utmop
176,261,173,UT43W,UT43W,3,CSI,1,NULL,4,63.42.149.120,1,NULL,40.9918,-109.8445,-109844500,40991800,5,05/06/2020 02:17:42 PM,05/06/2020 02:17:42 PM,NULL,852,853,https://mesowest.utah.edu/cgi-bin/droman/meso_base_dyn.cgi?product=roads&stn=ut43w
177,262,174,UTHFT,UTHFT,3,CSI,1,NULL,2,10.132.5.100,2,NULL,37.62836,-113.12063,-113120630,37628360,5,18/06/2020 05:01:41 PM,18/06/2020 05:01:42 PM,NULL,856,857,https://mesowest.utah.edu/cgi-bin/droman/meso_base_dyn.cgi?product=roads&stn=uthft
179,264,175,UTNCC,UTNCC,3,CSI,1,NULL,2,10.132.8.28,2,NULL,37.7275,-113.0511,-113051100,37727500,5,18/06/2020 05:06:34 PM,18/06/2020 05:06:34 PM,NULL,858,859,https://mesowest.utah.edu/cgi-bin/droman/meso_base_dyn.cgi?product=roads&stn=utncc
180,265,176,UTWBR,UTWBR,3,CSI,1,NULL,4,166.241.179.176,1,NULL,41.3906,-112.0343,-112034300,41390600,5,02/07/2020 11:50:27 AM,02/07/2020 11:50:27 AM,NULL,854,855,https://mesowest.utah.edu/cgi-bin/droman/meso_base_dyn.cgi?product=roads&stn=utwbr
181,266,177,UTRMD,UTRMD,3,CSI,1,NULL,4,166.253.205.21,1,NULL,41.909,-111.8145,-111814500,41909000,5,09/07/2020 08:33:46 AM,09/07/2020 08:33:46 AM,NULL,860,861,https://mesowest.utah.edu/cgi-bin/droman/meso_base_dyn.cgi?product=roads&stn=utrmd
182,267,178,UTTP1,UTTP1,3,CSI,1,NULL,4,63.42.58.80,1,NULL,41.13255,-111.9103,-111910300,41132550,5,17/07/2020 01:21:38 PM,17/07/2020 01:21:38 PM,NULL,862,863,https://mesowest.utah.edu/cgi-bin/droman/meso_base_dyn.cgi?product=roads&stn=uttp1
183,268,179,UTLTS,UTLTS,3,CSI,1,NULL,4,166.241.154.121,1,NULL,41.80802,-111.25174,-111251740,41808020,5,27/07/2020 10:20:26 AM,27/07/2020 10:20:26 AM,NULL,864,865,https://mesowest.utah.edu/cgi-bin/droman/meso_base_dyn.cgi?product=roads&stn=utlts
184,269,180,UTTOL,UTTOL,3,CSI,1,NULL,4,63.42.106.11,1,NULL,40.7749,-111.4678,-111467800,40774900,5,07/10/2020 02:21:15 PM,07/10/2020 02:21:15 PM,NULL,866,867,https://mesowest.utah.edu/cgi-bin/droman/meso_base_dyn.cgi?product=roads&stn=uttol
185,270,181,UTLSD,UTLSD,3,CSI,1,NULL,4,166.140.123.18,1,NULL,38.3426,-109.20875,-109208750,38342600,5,07/10/2020 02:24:55 PM,07/10/2020 02:24:55 PM,1,868,869,https://mesowest.utah.edu/cgi-bin/droman/meso_base_dyn.cgi?product=roads&stn=utlsd
189,272,182,UTMON,UTMON,3,CSI,1,NULL,4,166.164.75.84,1,NULL,41.4446,-111.5056,-111505600,41444600,5,23/10/2020 04:38:31 PM,23/10/2020 04:38:31 PM,NULL,872,873,https://mesowest.utah.edu/cgi-bin/droman/meso_base_dyn.cgi?product=roads&stn=utmon
191,271,183,UTTAY,UTTAY,3,CSI,1,,2,10.208.12.40,2,,40.6768,-111.9528,-111952800,40676800,5,26/10/2020 03:06:58 PM,26/10/2020 03:06:58 PM,1,876,877,https://mesowest.utah.edu/cgi-bin/droman/meso_base_dyn.cgi?product=roads&stn=uttay
192,273,184,UTMVY,UTMVY,3,CSI,1,NULL,2,10.205.201.156,2,NULL,37.0043,-110.1734,-110173400,37004300,5,30/10/2020 02:16:24 PM,30/10/2020 02:16:24 PM,NULL,878,879,https://mesowest.utah.edu/cgi-bin/droman/meso_base_dyn.cgi?product=roads&stn=utmvy
193,274,185,UT9,UT9,3,CSI,1,,2,10.218.5.144,2,,40.6929,-112.2636,-112263600,40692900,5,13/11/2020 12:53:42 PM,13/11/2020 12:53:42 PM,1,880,881,https://mesowest.utah.edu/cgi-bin/droman/meso_base_dyn.cgi?product=roads&stn=ut9
194,275,186,UTTP4,UTTP4,3,CSI,1,,4,166.154.68.104,1,,40.7141,-111.54505,-111545050,40714100,5,24/11/2020 04:28:52 PM,24/11/2020 04:28:52 PM,0,882,883,https://mesowest.utah.edu/cgi-bin/droman/meso_base_dyn.cgi?product=roads&stn=uttp4
197,277,187,UTTLE,UTTLE,3,CSI,1,,4,166.154.68.91,1,,40.56585,-112.2962,-112296200,40565850,5,12/04/2021 02:46:52 PM,12/04/2021 02:46:52 PM,0,887,888,https://mesowest.utah.edu/cgi-bin/droman/meso_base_dyn.cgi?product=roads&stn=uttle
198,278,188,UTKNO,UTKNO,3,CSI,1,,4,166.148.97.114,1,,40.7269,-113.2803,-113280300,40726900,5,06/05/2021 04:47:20 PM,06/05/2021 04:47:20 PM,0,889,890,https://mesowest.utah.edu/cgi-bin/droman/meso_base_dyn.cgi?product=roads&stn=utkno
199,279,189,UTSPX,UTSPX,3,CSI,1,,4,166.161.187.10,1,,39.0182,-110.2904,-110290400,39018200,5,19/05/2021 01:20:07 PM,19/05/2021 01:20:07 PM,0,891,892,https://mesowest.utah.edu/cgi-bin/droman/meso_base_dyn.cgi?product=roads&stn=utspx
200,280,190,UTTAG,UTTAG,3,CSI,1,,2,10.236.5.40,2,,41.0531,-111.5987,-111598700,41053100,5,03/06/2021 04:09:47 PM,03/06/2021 04:09:47 PM,0,893,894,https://mesowest.utah.edu/cgi-bin/droman/meso_base_dyn.cgi?product=roads&stn=uttag
201,281,191,UTTAG,UTTAG,3,CSI,1,,2,10.236.5.40,2,,41.0534,-111.599,-111599000,41053400,5,03/06/2021 04:40:32 PM,03/06/2021 04:40:32 PM,0,895,896,https://mesowest.utah.edu/cgi-bin/droman/meso_base_dyn.cgi?product=roads&stn=uttag
202,282,192,UTDVG,UTDVG,3,CSI,1,,2,10.232.8.168,2,,41.1397,-111.8539,-111853900,41139700,5,04/06/2021 05:01:50 PM,04/06/2021 05:01:50 PM,1,897,898,https://mesowest.utah.edu/cgi-bin/droman/meso_base_dyn.cgi?product=roads&stn=utdvg
203,283,193,UTMV2,UTMV2,3,CSI,1,,2,10.217.7.144,2,,40.7247,-112.0288,-112028800,40724700,5,22/06/2021 03:38:06 PM,22/06/2021 03:38:06 PM,0,899,900,https://mesowest.utah.edu/cgi-bin/droman/meso_base_dyn.cgi?product=roads&stn=utmv2
204,284,194,UTMV2,UTMV2,3,CSI,1,,2,10.217.7.144,2,,40.7256,-112.0275,-112027500,40725600,5,22/06/2021 03:55:48 PM,22/06/2021 03:55:48 PM,0,901,902,https://mesowest.utah.edu/cgi-bin/droman/meso_base_dyn.cgi?product=roads&stn=utmv2
205,285,195,UTTP4,UTTP4`,3,CSI,1,,4,166.154.68.104,1,,39.75715,-110.91698,-110916980,39757150,5,01/07/2021 04:32:35 PM,01/07/2021 04:32:35 PM,0,903,NULL,https://mesowest.utah.edu/cgi-bin/droman/meso_base_dyn.cgi?product=roads&stn=uttp4
206,286,196,UTACR,UTACR,3,CSI,1,,2,10.149.6.216,1,,37.4116,-113.2348,-113234800,37411600,5,01/07/2021 04:42:48 PM,01/07/2021 04:42:48 PM,0,904,905,https://mesowest.utah.edu/cgi-bin/droman/meso_base_dyn.cgi?product=roads&stn=utacr
207,287,197,UTBRO,UTBRO,3,CSI,1,,4,165.239.103.3,1,,37.3087,-113.2969,-113296900,37308700,5,01/07/2021 04:50:20 PM,03/09/2021 02:29:28 PM,1,906,907,https://mesowest.utah.edu/cgi-bin/droman/meso_base_dyn.cgi?product=roads&stn=utbro
208,288,198,UTBRO,UTBRO,3,CSI,1,,4,165.239.103.3,1,,37.309,-113.2971,-113297100,37309000,5,01/07/2021 05:14:39 PM,01/07/2021 05:14:39 PM,1,908,909,https://mesowest.utah.edu/cgi-bin/droman/meso_base_dyn.cgi?product=roads&stn=utbro
209,289,199,UTANT,UTANT,3,CSI,1,,4,165.239.103.4,2,,41.09,-111.9906,-111990600,41090000,5,15/09/2021 09:12:28 AM,15/09/2021 09:12:28 AM,1,910,911,https://mesowest.utah.edu/cgi-bin/droman/meso_base_dyn.cgi?product=roads&stn=utant
210,290,200,UTAFC,UTAFC,3,CSI,1,,2,10.172.5.156,2,,40.45094,-111.6679,-111667900,40450900,5,23/09/2021 12:07:06 PM,23/09/2021 12:07:06 PM,1,912,913,https://mesowest.utah.edu/cgi-bin/droman/meso_base_dyn.cgi?product=roads&stn=utafc
211,291,201,UT112,UT112,3,CSI,1,,4,165.239.103.9,2,,40.5483,-112.3416,-112341600,40548300,5,01/10/2021 01:59:45 PM,01/10/2021 01:59:45 PM,1,914,915,https://mesowest.utah.edu/cgi-bin/droman/meso_base_dyn.cgi?product=roads&stn=ut12
212,292,202,UT107,UT107,3,CSI,1,,4,165.239.103.8,1,,40.7701,-112.1508,-112150800,40770100,5,22/10/2021 02:44:29 PM,22/10/2021 02:44:29 PM,1,916,917,https://mesowest.utah.edu/cgi-bin/droman/meso_base_dyn.cgi?product=roads&stn=ut107
213,293,203,UTSTO,UTSTO,3,CSI,1,,4,165.239.103.10,1,,40.4689,-112.352,-112352000,40468900,5,02/12/2021 09:04:02 AM,02/12/2021 09:04:02 AM,1,918,919,https://mesowest.utah.edu/cgi-bin/droman/meso_base_dyn.cgi?product=roads&stn=utsto
