ID,VMSID,PrimaryLocation,PrimaryDirection,SecondaryLocation,City,County,AIMSID,AIMSLocationName,Region,Milepost,Latitude.x,Longitude.x,IPAddress,VMSLabel,Make,Model,LifeSpanYrs,Availability,Repairability,DateInstalled,EndOfLife,EquipmentNumber,StationID,StationName,ModemPhoneNumber,HasRadar,ITSID,X,Latitude.y,Longitude.y
6,100291,I-15,NB,9800 S / MP 294.59,SND,SL,10059,"I-15 NB @ 9800 S / MP 294.59, SND",R2,294.59, 40.572734,-111.899794,10.212.26.190,"I-15 NB @ 9800 S / MP 294.59, SND",Daktronics,Color 96X336,10,TRUE,TRUE,7/28/2021,7/28/2031,NA,NA,NA,20110,FALSE,NA,100291,40.571166,-111.899561
7,8,I-15 Collector,NB,8450 S / MP 296.32,MDV,SL,10069,"I-15 Collector NB @ 8450 S / MP 296.32, MDV",R2,296.32,40.597530,-111.902772,10.212.6.26:161,"I-15 Collector NB @ 8450 S / MP 296.32, MDV",Daktronics,Color 96x336,10,TRUE,TRUE,2/25/2021,2/25/2031,NA,NA,NA,NA,FALSE,NA,8,40.598621,-111.90209
20,21,I-215 W,SB,2700 S / MP 18.65,WVC,SL,20019,"I-215 W SB @ 2700 S / MP 18.65, WVC",R2,18.65,40.712639,-111.954117,10.210.6.26:161,"I-215 W SB @ 2700 S / MP 18.65, WVC",Daktronics,27x105,10,TRUE,TRUE,2/15/2018,2/15/2028,NA,NA,NA,NA,FALSE,NA,21,40.712633,-111.954492
22,23,I-215 W,NB,4100 S / MP 16.5,TAY,SL,10226,"I-215 W NB @ 4100 S / MP 16.5, TAY",R2,16.5,40.681693,-111.951046,10.208.13.166:161,"I-215 W NB @ 4100 S / MP 16.5, TAY",Daktronics,27x105,10,TRUE,TRUE,2/15/2018,2/15/2028,NA,NA,NA,NA,FALSE,NA,23,40.681312,-111.950328
32,100235,I-15,NB,15400 S / MP 287.23,DPR,SL,6818,"I-15 NB @ 15400 S / MP 287.23, DPR",R2,287.23, 40.471272,-111.908160,10.212.22.214:161,"I-15 NB @ 15400 S / MP 287.23, DPR",Daktronics,27x105,NA,TRUE,TRUE,9/22/2016,NA,NA,NA,NA,NA,FALSE,NA,100235,40.471452,-111.908017
60,100236,I-15,SB,4550 N / MP 285.05,LHI,UT,5991,"I-15 SB @ 4550 N / MP 285.05, LHI",R3,285.05, 40.442720,-111.904063,10.212.25.166:161,"I-15 SB @ 4550 N / MP 285.05, LHI",Daktronics,27x105,NA,TRUE,TRUE,9/22/2016,NA,NA,NA,NA,NA,FALSE,NA,100236,40.442679,-111.903971
62,81,500 S / Cesar E Chavez Blvd / SR-269,WB,350 W to I-80 WB,SLC,SL,5874,"500 S / Cesar E Chavez Blvd / SR-269 @ 350 W, SLC",R2,1.57, 40.758506,-111.900894,10.204.5.108:161,"500 S / Cesar E Chavez Blvd / SR-269 WB @ 350 W to I-80 WB, SLC",NA,NA,NA,FALSE,FALSE,12/1/2010,NA,NA,NA,NA,NA,FALSE,NA,NA,NA,NA
63,82,500 S / Cesar E Chavez Blvd / SR-269,WB,350 W to I-15 SB,SLC,SL,5874,"500 S / Cesar E Chavez Blvd / SR-269 @ 350 W, SLC",R2,1.57, 40.758464,-111.900894,10.204.5.109:161,"500 S / Cesar E Chavez Blvd / SR-269 WB @ 350 W to I-15 SB, SLC",NA,NA,NA,FALSE,FALSE,12/1/2010,NA,NA,NA,NA,NA,FALSE,NA,NA,NA,NA
64,83,500 S / Cesar E Chavez Blvd / SR-269,WB,350 W to I-80 EB,SLC,SL,5874,"500 S / Cesar E Chavez Blvd / SR-269 @ 350 W, SLC",R2,1.57, 40.758422,-111.900897,10.204.5.110:161,"500 S / Cesar E Chavez Blvd / SR-269 WB @ 350 W to I-80 EB, SLC",NA,NA,NA,FALSE,FALSE,12/1/2010,NA,NA,NA,NA,NA,FALSE,NA,NA,NA,NA
65,84,300 W / John Stockton Dr / US-89,SB,350 S,SLC,SL,6208,"300 W / John Stockton Dr / US-89 SB @ 350 S, SLC",R2,379.22, 40.761647,-111.899667,10.211.6.38:161,"300 W / John Stockton Dr / US-89 SB @ 350 S, SLC",NA,NA,NA,FALSE,FALSE,12/1/2010,NA,NA,NA,NA,NA,FALSE,NA,84,40.762041,-111.899962
73,125,US-89/91,SB,950 S / MP 17.18,WVL,CA,15322,"US-89/91 @ 950 S / MP 17.18, WVL",R1,17.18, 41.618050,-111.932042,10.237.6.50,"US-89/91 SB @ 950 S / MP 17.18, WVL",Daktronics,27x105,10,TRUE,TRUE,6/17/2019,6/17/2029,NA,NA,NA,NA,FALSE,NA,NA,NA,NA
121,550,I-15,NB,I-70 / Cove Fort / MP 130.15,NA,BV,16000,"I-15 NB @ I-70 / Cove Fort / MP 130.15, BV",R4,130.2, 38.548550,-112.607478,10.131.5.178:161,"I-15 NB @ I-70 / Cove Fort / MP 130.15, BV",NA,NA,NA,FALSE,FALSE,11/1/2010,NA,NA,NA,NA,NA,FALSE,NA,550,38.55989,-112.601585
122,555,I-15,SB,I-70 / Cove Fort / MP 135.25,NA,MD,15999,"I-15 SB @ I-70 / Cove Fort / MP 135.3, MD",R4,135.22, 38.606281,-112.609439,10.131.5.154:161,"I-15 SB @ I-70 / Cove Fort / MP 135.25, MD",NA,NA,NA,FALSE,FALSE,11/1/2010,NA,NA,NA,NA,NA,FALSE,NA,NA,NA,NA
123,560,I-70,WB,I-15 / Cove Fort / MP 2.4,NA,MD,5855,"I-70 WB @ I-15 / Cove Fort / MP 2.4, MD",R4,2.3, 38.594562,-112.570340,10.131.5.190:161,"I-70 WB @ I-15 / Cove Fort / MP 2.4, MD",NA,NA,NA,FALSE,FALSE,11/1/2010,NA,NA,NA,NA,NA,FALSE,NA,560,38.591336,-112.583242
125,600,500 W / US-89,NB,100 S,PVO,UT,6265,"500 W / US-89 NB @ 100 S, PVO",R3,334.77, 40.232478,-111.667283,10.166.6.236:200,"500 W / US-89 NB @ 100 S, PVO",NA,NA,NA,FALSE,FALSE,11/1/2010,NA,NA,NA,NA,NA,FALSE,NA,NA,NA,NA
126,601,University Pkwy / SR-265,WB,State St / US-89,ORM,UT,6266,"University Pkwy / SR-265 WB @ State St / US-89, ORM",R3,2.4, 40.273564,-111.682285,10.164.7.74:200,"University Pkwy / SR-265 WB @ State St / US-89, ORM",NA,NA,NA,FALSE,FALSE,11/1/2010,NA,NA,NA,NA,NA,FALSE,NA,NA,NA,NA
127,602,State St / US-89,NB,University Pkwy / SR-265,ORM,UT,6267,"State St / US-89 NB @ University Pkwy / SR-265, ORM",R3,337.72, 40.271228,-111.683348,10.164.7.62:200,"State St / US-89 NB @ University Pkwy / SR-265, ORM",NA,NA,NA,FALSE,FALSE,11/1/2010,NA,NA,NA,NA,NA,FALSE,NA,NA,NA,NA
128,603,Center St,WB,State St / US-89,ORM,UT,6268,"Center St WB @ State St / US-89, ORM",R3,NA, 40.297233,-111.692114,10.164.7.38:200,"Center St WB @ State St / US-89, ORM",NA,NA,NA,FALSE,FALSE,11/1/2010,NA,NA,NA,NA,NA,FALSE,NA,NA,NA,NA
129,604,State St / US-89,NB,Center St,ORM,UT,6269,"State St / US-89 NB @ Center St, ORM",R3,339.46, 40.294999,-111.693826,10.164.7.26:200,"State St / US-89 NB @ Center St, ORM",NA,NA,NA,FALSE,FALSE,11/1/2010,NA,NA,NA,NA,NA,FALSE,NA,NA,NA,NA
130,605,800 N / SR-52,WB,State St / US-89,ORM,UT,6270,"800 N / SR-52 WB @ State St / US-89, ORM",R3,2.02, 40.312086,-111.696404,10.163.5.86:200,"800 N / SR-52 WB @ State St / US-89, ORM",NA,NA,NA,FALSE,FALSE,11/1/2010,NA,NA,NA,NA,NA,FALSE,NA,NA,NA,NA
131,606,State St / US-89,NB,800 N / SR-52,ORM,UT,6271,"State St / US-89 NB @ 800 N / SR-52, ORM",R3,340.52, 40.309444,-111.700151,10.163.5.74:200,"State St / US-89 NB @ 800 N / SR-52, ORM",NA,NA,NA,FALSE,FALSE,11/1/2010,NA,NA,NA,NA,NA,FALSE,NA,NA,NA,NA
132,607,1600 N,WB,State St / US-89,ORM,UT,6272,"1600 N WB @ State St / US-89, ORM",R3,NA, 40.326620,-111.705850,10.163.8.190:200,"1600 N WB @ State St / US-89, ORM",NA,NA,NA,FALSE,FALSE,11/1/2010,NA,NA,NA,NA,NA,FALSE,NA,NA,NA,NA
133,608,State St / US-89,NB,1600 N,ORM,UT,6273,"State St / US-89 NB @ 1600 N, ORM",R3,341.6, 40.323852,-111.706492,10.163.8.178:200,"State St / US-89 NB @ 1600 N, ORM",NA,NA,NA,FALSE,FALSE,11/1/2010,NA,NA,NA,NA,NA,FALSE,NA,NA,NA,NA
134,609,Pleasant Grove Blvd,WB,2000 W,PLG,UT,6274,"Pleasant Grove Blvd WB @ 2000 W, PLG",R3,NA, 40.353080,-111.765392,10.162.6.202:200,"Pleasant Grove Blvd WB @ 2000 W, PLG",NA,NA,NA,FALSE,FALSE,3/1/2011,NA,NA,NA,NA,NA,FALSE,NA,609,40.355283,-111.766918
135,610,"1600 N, ORM / 600 S, LDN",WB,"1250 W, ORM / 450 W, LDN",LDN,UT,5872,"1600 N, ORM / 600 S, LDN WB @ 1250 W, ORM / 450 W, LDN",R3,NA, 40.326454,-111.725838,10.163.6.98:200,"1600 N, ORM / 600 S, LDN WB @ 1250 W, ORM / 450 W, LDN",NA,NA,NA,FALSE,FALSE,3/1/2011,NA,NA,NA,NA,NA,FALSE,NA,610,40.327078,-111.72574
136,611,800 N / SR-52,WB,900 W,ORM,UT,6300,"800 N / SR-52 WB @ 900 W, ORM",R3,0.9, 40.312154,-111.717666,10.163.7.8:200,"800 N / SR-52 WB @ 900 W, ORM",NA,NA,NA,FALSE,FALSE,3/1/2011,NA,NA,NA,NA,NA,FALSE,NA,611,40.313956,-111.723623
137,612,Center St,WB,900 W,ORM,UT,6275,"Center St WB @ 900 W, ORM",R3,NA, 40.297251,-111.716711,10.163.5.238:200,"Center St WB @ 900 W, ORM",NA,NA,NA,FALSE,FALSE,3/1/2011,NA,NA,NA,NA,NA,FALSE,NA,612,40.299393,-111.722442
138,613,University Pkwy / SR-265,WB,450 W,ORM,UT,5873,"University Pkwy / SR-265 WB @ 450 W, ORM",R3,1.13, 40.273740,-111.706248,10.164.5.122:200,"University Pkwy / SR-265 WB @ 450 W, ORM",NA,NA,NA,FALSE,FALSE,3/1/2011,NA,NA,NA,NA,NA,FALSE,NA,613,40.27617,-111.707288
139,614,Center St / SR-114,WB,600 W,PVO,UT,5858,"Center St / SR-114 WB @ 600 W, PVO",R3,0.1, 40.233879,-111.669421,10.166.6.242:200,"Center St / SR-114 WB @ 600 W, PVO",NA,NA,NA,FALSE,FALSE,3/1/2011,NA,NA,NA,NA,NA,FALSE,NA,614,40.233662,-111.678162
140,625,Pioneer Crossing / SR-145,EB,700 E,LHI,UT,30585,"Pioneer Crossing / SR-145 EB @ 700 E, LHI",R3,4.32, 40.374925,-111.837183,10.168.5.190:161,"Pioneer Crossing / SR-145 EB @ 700 E, LHI",NA,NA,NA,FALSE,FALSE,12/1/2010,NA,NA,NA,NA,NA,FALSE,NA,625,40.374724,-111.83586
146,100201,TOC / Portable,NA,Wanco # 47,NA,NA,5847,TOC / Portable Wanco # 47,TOC,NA,NA,NA,10.252.7.14:5102,TOC / Portable Wanco # 47,Wanco,Adaptive,NA,FALSE,FALSE,9/1/2015,NA,NA,NA,NA,NA,FALSE,NA,NA,NA,NA
152,100131,Provo Canyon Rd / US-189,WB,Mouth of Provo Canyon,PVO,UT,16015,"Provo Canyon Rd / US-189 WB @ Mouth of Provo Canyon, PVO",R3,7.61, 40.315189,-111.653752,10.166.9.226:161,"Provo Canyon Rd / US-189 WB @ Mouth of Provo Canyon, PVO",NA,NA,NA,FALSE,FALSE,2/1/2012,NA,NA,NA,NA,NA,FALSE,NA,NA,NA,NA
153,100133,I-15,SB,100 E / 950 N / MP 280.86,LHI,UT,6090,"I-15 SB @ 100 E / 950 N / MP 280.86, LHI",R3,280.86, 40.399600,-111.847767,10.212.12.38:161,"I-15 SB @ 100 E / 950 N / MP 280.86, LHI",NA,NA,NA,FALSE,FALSE,6/1/2012,NA,NA,NA,NA,NA,FALSE,NA,NA,NA,NA
154,100134,Bangerter Hwy / SR-154,NB,2400 S,WVC,SL,6277,"Bangerter Hwy / SR-154 NB @ 2400 S, WVC",R2,20.62, 40.719872,-111.985970,10.206.6.56:161,"Bangerter Hwy / SR-154 NB @ 2400 S, WVC",NA,NA,NA,FALSE,FALSE,7/1/2012,NA,NA,NA,NA,NA,FALSE,NA,100134,40.719945,-111.985765
155,100135,I-15,SB,200 N / 1700 W / MP 274.52,LDN,UT,16130,"I-15 SB @ 200 N / 1700 W / MP 274.52, LDN",R3,274.52, 40.341636,-111.756840,10.162.12.38:161,"I-15 SB @ 200 N / 1700 W / MP 274.52, LDN",NA,NA,NA,FALSE,FALSE,8/1/2012,NA,NA,NA,NA,NA,FALSE,NA,100135,40.341762,-111.75664
156,100136,I-15,NB,400 N / 2000 W / 274.77,LDN,UT,6129,"I-15 NB @ 400 N / 2000 W / MP 274.77, LDN",R3,274.77, 40.344478,-111.759993,10.162.12.50:161,"I-15 NB @ 400 N / 2000 W / MP 274.77, LDN",NA,NA,NA,FALSE,FALSE,8/1/2012,NA,NA,NA,NA,NA,FALSE,NA,100136,40.344369,-111.759809
157,100137,SR-201,WB,3600 W / MP 13.26,SLC,SL,31585,"SR-201 WB @ 3600 W / MP 13.26, SLC",R2,13.26, 40.726216,-111.977177,10.206.6.50:161,"SR-201 WB @ 3600 W / MP 13.26, SLC",NA,NA,NA,FALSE,FALSE,9/1/2012,NA,NA,NA,NA,NA,FALSE,NA,100137,40.727991,-111.977327
158,100138,SR-201,WB,4800 W / MP 11.78,SLC,SL,16134,"SR-201 WB @ 4800 W / MP 11.78, SLC",R2,11.78, 40.725948,-112.005614,10.206.8.86:161,"SR-201 WB @ 4800 W / MP 11.78, SLC",NA,NA,NA,FALSE,FALSE,9/1/2012,NA,NA,NA,NA,NA,FALSE,NA,100138,40.726107,-112.00209
160,100139,I-15,NB,Cedar City / 2700 S / MP 54.15,NA,RN,6173,"I-15 NB @ Cedar City / 2700 S / MP 54.1, RN",R4,54.15, 37.628496,-113.120157,166.241.179.174:161,"I-15 NB @ Cedar City / 2700 S / MP 54.15, RN",NA,NA,NA,FALSE,FALSE,11/1/2012,NA,NA,NA,NA,NA,FALSE,NA,100139,37.627782,-113.119951
161,100140,I-15,NB,Fillmore / MP 161.45,FIL,MD,6176,"I-15 NB @ Fillmore / MP 161.43, MD",R3,161.45, 38.926891,-112.371122,166.154.68.99:200,"I-15 NB @ Fillmore / MP 161.43, MD",NA,NA,NA,FALSE,FALSE,11/1/2012,NA,NA,NA,NA,NA,FALSE,NA,100140,38.931807,-112.365068
162,100141,I-15,SB,Scipio / MP 190.66,SCP,MD,6175,"I-15 SB @ Scipio / MP 190.66, MD",R4,190.66, 39.279348,-112.093967,166.154.68.100:200,"I-15 SB @ Scipio / MP 190.66, MD",NA,NA,NA,FALSE,FALSE,11/1/2012,NA,NA,NA,NA,NA,FALSE,NA,100141,39.280265,-112.094556
163,100142,I-15,SB,Toquerville / MP 29.4,TOQ,WN,6172,"I-15 SB @ Toquerville / MP 29.45, WN",R4,29.4, 37.309336,-113.297099,10.132.7.166:161,"I-15 SB @ Toquerville / MP 29.45, WN",NA,NA,NA,FALSE,FALSE,11/1/2012,NA,NA,NA,NA,NA,FALSE,NA,NA,NA,NA
164,100143,I-15,SB,Beaver / MP 113.26,BVR,BV,6177,"I-15 SB @ Beaver / MP 113.3, BV",R4,113.26, 38.314523,-112.654397,10.158.5.26:161,"I-15 SB @ Beaver / MP 113.3, BV",NA,NA,NA,FALSE,FALSE,11/1/2012,NA,NA,NA,NA,NA,FALSE,NA,100143,38.312656,-112.654862
165,100145,I-15,NB,1600 N / MP 267.37,PVO,UT,6178,"I-15 NB @ 1600 N / MP 267.37, PVO",R3,267.37, 40.255658,-111.699345,10.162.12.166:161,"I-15 NB @ 1600 N / MP 267.37, PVO",NA,NA,NA,FALSE,FALSE,11/1/2012,NA,NA,NA,NA,NA,FALSE,NA,100145,40.256307,-111.700179
166,100148,Timpanogos Hwy / 3500 N / SR-92,WB,1800 W / MP 0.86,LHI,UT,6264,"Timpanogos Hwy / 3500 N / SR-92 WB @ 1800 W / MP 0.86, LHI",R3,0.86,40.431861,-111.878594,10.212.20.154:161,"Timpanogos Hwy / 3500 N / SR-92 WB @ 1800 W / MP 0.86, LHI",Daktronics,27x105,10,TRUE,TRUE,2/22/2021,2/22/2031,NA,NA,NA,NA,FALSE,NA,100148,40.432033,-111.87923
167,100149,12th St / Ogden Canyon Rd / SR-39,EB,Harrison Blvd / MP 8,OGD,WB,6338,"12th St / Ogden Canyon Rd / SR-39 EB @ Harrison Blvd / MP 8, OGD",R1,8, 41.240047°,-111.940334°,10.235.11.38:8888,"12th St / Ogden Canyon Rd / SR-39 EB @ Harrison Blvd / MP 8, OGD",NA,NA,NA,FALSE,FALSE,7/1/2013,NA,NA,NA,NA,NA,FALSE,NA,100149,41.240073,-111.94013699999999
168,100153,US-40,NB,2050 S / MP 18.81,HBR,WA,6339,"US-40 @ 2050 S / MP 18.81, HBR",R3,18.81, 40.482900,-111.402958,10.171.5.74,"US-40 NB @ 2050 S / MP 18.81, HBR",Daktronics,27x105,10,TRUE,TRUE,7/21/2020,7/21/2030,NA,NA,NA,NA,FALSE,NA,NA,NA,NA
169,100151,US-40,NB,Moulton Ln / MP 13.67,NA,WA,6340,"US-40 NB @ Moulton Ln / MP 13.67, WA",R3,13.67, 40.552006°,-111.422308°,10.213.8.190:161,"US-40 NB @ Moulton Ln / MP 13.67, WA",NA,NA,NA,FALSE,FALSE,7/1/2013,NA,NA,NA,NA,NA,FALSE,NA,100151,40.551993,-111.422286
186,100176,I-70,EB,Fish Creek / MP 10.81,NA,SE,6440,"I-70 EB @ Fish Creek / MP 10.81, SE",R4,10.81,38.566418,-112.442721,10.252.8.14,"I-70 EB @ Fish Creek / MP 10.81, SE",NA,NA,NA,FALSE,FALSE,3/1/2014,NA,NA,4465,Sevier,NA,FALSE,NA,100176,38.565436,-112.441927
187,100177,I-70,WB,Fish Creek / MP 12.05,NA,SE,6441,"I-70 WB @ Fish Creek / MP 12.05, SE",R4,12.05,38.556964,-112.424795,10.252.8.142,"I-70 WB @ Fish Creek / MP 12.05, SE",NA,NA,NA,FALSE,FALSE,3/1/2014,NA,NA,4465,Sevier,NA,FALSE,NA,100177,38.557548,-112.424562
188,100179,SR-276 / N of Halls Crossing,SB,SR-95 / MP .08,NA,GA,16442,"SR-276 / N of Halls Crossing SB @ SR-95 / MP .08, GA",R4,0.08, 38.024276°,-110.571421°,10.158.6.14:5102,"SR-276 / N of Halls Crossing SB @ SR-95 / MP .08, GA",NA,NA,NA,FALSE,FALSE,3/1/2014,NA,NA,NA,NA,NA,FALSE,NA,100179,38.023132,-110.571823
189,100180,SR-276 / S of Halls Crossing,WB,SR-95 / MP 89.48,NA,SJ,16443,"SR-276 / S of Halls Crossing WB @ SR-95 / MP 89.48, SJ",R4,89.48, 37.559350°,-110.023145°,10.158.6.78:5102,"SR-276 / S of Halls Crossing WB @ SR-95 / MP 89.48, SJ",NA,NA,NA,FALSE,FALSE,3/1/2014,NA,NA,NA,NA,NA,FALSE,NA,100180,37.559048,-110.025053
190,100178,I-15,SB,2000 N / MP 61.27,CDC,RN,16447,"I-15 SB @ 2000 N / MP 61.27, CDC",R4,61.27, 37.713513°,-113.066873°,166.241.154.122:161,"I-15 SB @ 2000 N / MP 61.27, CDC",NA,NA,NA,FALSE,FALSE,3/1/2014,NA,NA,NA,NA,NA,FALSE,NA,100178,37.712759,-113.067513
191,100181,I-15,NB,Milepost 90.05,NA,RN,16448,"I-15 NB @ Milepost 90.05, RN",R4,90.05, 38.013197°,-112.719899°,166.154.213.151:161,"I-15 NB @ Milepost 90.05, RN",NA,NA,NA,FALSE,FALSE,3/1/2014,NA,NA,NA,NA,NA,FALSE,NA,100181,38.017388,-112.717684
192,100182,Canyon Rd / SR-143,SB,Parowan / MP 3.94,PWN,RN,6478,"Canyon Rd / SR-143 SB @ Parowan / MP 3.94, PWN",R4,3.94, 37.829725°,-112.814967°,166.241.153.252:5000,"Canyon Rd / SR-143 SB @ Parowan / MP 3.94, PWN",NA,NA,NA,FALSE,FALSE,3/1/2014,NA,NA,NA,NA,NA,FALSE,NA,NA,NA,NA
193,100183,SR-153,EB,Beaver / MP 2.79,NA,BV,6479,"SR-153 EB @ Beaver / MP 2.79, BV",R4,2.79, 38.281923°,-112.593832°,166.241.153.253:5000,"SR-153 EB @ Beaver / MP 2.79, BV",NA,NA,NA,FALSE,FALSE,3/1/2014,NA,NA,NA,NA,NA,FALSE,NA,100183,38.28203,-112.593692
194,100184,SR-95,SB,Hanksville / MP 0.37,HKV,WE,6480,"SR-95 SB @ Hanksville / MP 0.37, HKV",R4,0.37, 38.369190°,-110.702677°,166.140.120.137:5000,"SR-95 SB @ Hanksville / MP 0.37, HKV",NA,NA,NA,FALSE,FALSE,3/1/2014,NA,NA,NA,NA,NA,FALSE,NA,100184,38.36919,-110.702893
195,100185,SR-95,WB,Blanding / Shirttail Jct / MP 121.12,NA,SJ,6481,"SR-95 WB @ Blanding / Shirttail Jct / MP 121.12, SJ",R4,121.12, 37.573672°,-109.491209°,166.140.120.139:5000,"SR-95 WB @ Blanding / Shirttail Jct / MP 121.12, SJ",NA,NA,NA,FALSE,FALSE,3/1/2014,NA,NA,NA,NA,NA,FALSE,NA,100185,37.573991,-109.4917
197,100187,I-70,WB,Crescent Jct / MP 180.85,NA,GR,6532,"I-70 WB @ Crescent Jct / MP 180.85, GR",R4,180.85, 38.936647°,-109.839889°,10.252.5.205:161,"I-70 WB @ Crescent Jct / MP 180.85, GR",NA,NA,NA,FALSE,FALSE,8/1/2014,NA,NA,NA,NA,NA,FALSE,NA,100187,38.937405,-109.843118
198,100188,I-70,EB,Sage Flat Rd / MP 54.4,SLA,SE,6533,"I-70 EB @ Sage Flat Rd / MP 54.4, SLA",R4,54.4, 38.912881°,-111.886847°,10.252.5.142:161,"I-70 EB @ Sage Flat Rd / MP 54.4, SLA",NA,NA,NA,FALSE,FALSE,8/1/2014,NA,NA,NA,NA,NA,FALSE,NA,100188,38.91275,-111.886272
199,100189,I-15,NB,100 E / 950 N / MP 280.86,LHI,UT,6556,"I-15 NB @ 100 E / 950 N / MP 280.86, LHI",R3,280.86, 40.400090,-111.847815,10.212.12.74:161,"I-15 SB @ 100 E / 950 N / MP 280.86, LHI",NA,NA,NA,FALSE,FALSE,10/1/2014,NA,NA,NA,NA,NA,FALSE,NA,NA,NA,NA
200,100191,US-40,WB,Milepost 2.16,NA,SU,5813,"US-40 WB @ Milepost 2.16, SU",R2,2.16, 40.707084,-111.478445,10.252.201.14:502,"US-40 WB @ Milepost 2.16, SU (Chain-Up)",NA,NA,NA,FALSE,FALSE,1/1/2015,NA,NA,NA,NA,NA,FALSE,NA,NA,NA,NA
201,100192,I-80 / Parleys Canyon,EB,Chain Up Area East / MP 129.5,NA,SL,15086,"I-80 / Parleys Canyon EB @ Chain Up Area East / MP 129.5, SL",R2,129.5, 40.720452,-111.777474,10.202.20.142:502,"I-80 / Parleys Canyon EB @ Chain Up Area East / MP 129.5, SL (Chain-Up)",NA,NA,NA,FALSE,FALSE,1/1/2015,NA,NA,NA,NA,NA,FALSE,NA,NA,NA,NA
202,100194,I-80,WB,Echo Canyon / MP 168.31,NA,SU,6558,"I-80 WB @ Echo Canyon / MP 168.31, SU",R2,168.31, 40.979593,-111.424075,10.252.201.142:502,"I-80 WB @ Echo Canyon / MP 168.31, SU (Chain-Up)",NA,NA,NA,FALSE,FALSE,1/1/2015,NA,NA,NA,NA,NA,FALSE,NA,NA,NA,NA
203,100195,I-80,WB,Silvercreek Jct / US-40 / MP 147.5,NA,SU,10414,"I-80 WB @ Silvercreek Jct / US-40 / MP 147.5, SU",R2,147.5, 40.736450,-111.487578,10.213.7.168:502,"I-80 WB @ Silvercreek Jct / US-40 / MP 147.5, SU (Chain-Up)",NA,NA,NA,FALSE,FALSE,1/1/2015,NA,NA,NA,NA,NA,FALSE,NA,65,40.738925,-111.488129
204,100196,I-80 / Parleys Canyon,EB,Milepost 129.03,NA,SL,6559,"I-80 / Parleys Canyon EB @ Milepost 129.03, SL",R2,129.03, 40.715924,-111.784007,10.202.7.238:502,"I-80 / Parleys Canyon EB @ Milepost 129.03, SL (Chain-Up)",NA,NA,NA,FALSE,FALSE,1/1/2015,NA,NA,NA,NA,NA,FALSE,NA,NA,NA,NA
205,100197,I-80,WB,Jeremy Ranch / MP 143,NA,SU,5789,"I-80 WB @ Jeremy Ranch / MP 143, SU",R2,143, 40.740055,-111.558081,10.213.7.168:502,"I-80 WB @ Jeremy Ranch / MP 143, SU (Chain-Up)",NA,NA,NA,FALSE,FALSE,1/1/2015,NA,NA,NA,NA,NA,FALSE,NA,NA,NA,NA
206,100198,Little Cottonwood Rd / SR-210,SB,Wasatch Blvd / 8900 S,CWH,SL,7827,"Little Cottonwood Rd / SR-210 @ Wasatch Blvd / 8900 S, CWH",R2,2.22, 40.588757,-111.793375,10.201.12.50:502,"Little Cottonwood Rd / SR-210 SB @ Wasatch Blvd / 8900 S, CWH (Chain-Up)",NA,NA,NA,FALSE,FALSE,9/1/2015,NA,NA,NA,NA,NA,FALSE,NA,NA,NA,NA
207,100199,Little Cottonwood Canyon Rd / SR-210,EB,Little Cottonwood Rd / SR-209,NA,SL,15390,"Little Cottonwood Canyon Rd / SR-210 @ Little Cottonwood Rd / SR-209, SL",R2,3.87, 40.572435,-111.776237,10.201.12.143:502,"Little Cottonwood Canyon Rd / SR-210 EB @ Little Cottonwood Rd / SR-209, SL (Chain-Up)",NA,NA,NA,FALSE,FALSE,9/1/2015,NA,NA,NA,NA,NA,FALSE,NA,NA,NA,NA
208,100200,I-15,NB,Beaver / MP 106,NA,BV,6672,"I-15 NB @ Beaver / MP 106, BV",R4,105.97, 38.209102,-112.646616,10.136.6.14:5102,"I-15 NB @ Beaver / MP 106, BV",Wanco,NTCIP,NA,FALSE,FALSE,9/1/2015,NA,NA,NA,NA,NA,FALSE,NA,100200,38.209103,-112.646606
209,100202,Little Cottonwood Canyon Rd / SR-210,WB,Snowbird Entry 1 / MP 10.06,NA,SL,6673,"Little Cottonwood Canyon Rd / SR-210 WB @ Snowbird Entry 1 / MP 10.06, SL",R2,10.06, 40.578520,-111.668059,10.201.16.26:502,"Little Cottonwood Canyon Rd / SR-210 WB @ Snowbird Entry 1 / MP 10.06, SL (Chain-Up)",Adam,Chain-Up,NA,FALSE,FALSE,9/1/2015,NA,NA,NA,NA,NA,FALSE,NA,NA,NA,NA
210,100203,Little Cottonwood Canyon Rd / SR-210,WB,Snowbird Entry 2 / MP 10.38,NA,SL,6674,"Little Cottonwood Canyon Rd / SR-210 WB @ Snowbird Entry 2 / MP 10.38, SL",R2,10.38, 40.580260,-111.662893,10.201.16.38:502,"Little Cottonwood Canyon Rd / SR-210 WB @ Snowbird Entry 2 / MP 10.38, SL (Chain-Up)",Adam,Chain-Up,NA,FALSE,FALSE,9/1/2015,NA,NA,NA,NA,NA,FALSE,NA,NA,NA,NA
211,100204,Little Cottonwood Canyon Rd / SR-210,WB,Snowbird Entry 4 / Alta Bypass Rd / MP 10.88,NA,SL,6675,"Little Cottonwood Canyon Rd / SR-210 WB @ Snowbird Entry 4 / Alta Bypass Rd / MP 10.88, SL",R2,10.88, 40.583786,-111.654339,10.201.16.50:502,"Little Cottonwood Canyon Rd / SR-210 WB @ Snowbird Entry 4 / Alta Bypass Rd / MP 10.88, SL (Chain-Up)",Adam,Chain-Up,NA,FALSE,FALSE,9/1/2015,NA,NA,NA,NA,NA,FALSE,NA,NA,NA,NA
212,100205,Little Cottonwood Canyon Rd / SR-210,WB,Alta Ski Entry / MP 11.86,ALT,SL,6676,"Little Cottonwood Canyon Rd / SR-210 WB @ Alta Ski Entry / MP 11.86, ALT",R2,11.86, 40.589350,-111.638975,10.201.16.74:502,"Little Cottonwood Canyon Rd / SR-210 WB @ Alta Ski Entry / MP 11.86, ALT (Chain-Up)",Adam,Chain-Up,NA,FALSE,FALSE,9/1/2015,NA,NA,NA,NA,NA,FALSE,NA,NA,NA,NA
213,100206,Little Cottonwood Canyon Rd / SR-210,WB,Milepost 11.93,ALT,SL,6677,"Little Cottonwood Canyon Rd / SR-210 WB @ Milepost 11.93, ALT",R2,11.93, 40.590029,-111.637843,10.201.16.86:502,"Little Cottonwood Canyon Rd / SR-210 WB @ Milepost 11.93, ALT (Chain-Up)",Adam,Chain-Up,NA,FALSE,FALSE,9/1/2015,NA,NA,NA,NA,NA,FALSE,NA,NA,NA,NA
214,100207,Little Cottonwood Canyon Rd / SR-210,WB,Milepost 12.32,ALT,SL,6678,"Little Cottonwood Canyon Rd / SR-210 WB @ Milepost 12.32, ALT",R2,12.32, 40.591960,-111.630948,10.201.16.110:502,"Little Cottonwood Canyon Rd / SR-210 WB @ Milepost 12.32, ALT (Chain-Up)",Adam,Chain-Up,NA,FALSE,FALSE,9/1/2015,NA,NA,NA,NA,NA,FALSE,NA,NA,NA,NA
215,100208,Big Cottonwood Canyon Rd / SR-190,EB,Mine Shaft Rd / MP 2.04,CWH,SL,6679,"Big Cottonwood Canyon Rd / SR-190 EB @ Mine Shaft Rd / MP 2.04, CWH",R2,2.04, 40.618836,-111.785588,10.252.204.14:502,"Big Cottonwood Canyon Rd / SR-190 EB @ Mine Shaft Rd / MP 2.04, CWH (Chain-Up)",Adam,Chain-Up,NA,FALSE,FALSE,9/1/2015,NA,NA,NA,NA,NA,FALSE,NA,NA,NA,NA
216,100209,Big Cottonwood Canyon Rd / SR-190,WB,Cardiff Fork / MP 10.84,NA,SL,6680,"Big Cottonwood Canyon Rd / SR-190 WB @ Cardiff Fork / MP 10.84, SL",R2,10.84, 40.649662,-111.648445,10.252.203.14:502,"Big Cottonwood Canyon Rd / SR-190 WB @ Cardiff Fork / MP 10.84, SL (Chain-Up)",Adam,Chain-Up,NA,FALSE,FALSE,9/1/2015,NA,NA,NA,NA,NA,FALSE,NA,NA,NA,NA
217,100210,Big Cottonwood Canyon Rd / SR-190,WB,Solitude West / MP 14.17,NA,SL,6681,"Big Cottonwood Canyon Rd / SR-190 WB @ Solitude West / MP 14.17, SL",R2,14.17, 40.623981,-111.597294,10.252.202.142:502,"Big Cottonwood Canyon Rd / SR-190 WB @ Solitude West / MP 14.17, SL (Chain-Up)",Adam,Chain-Up,NA,FALSE,FALSE,9/1/2015,NA,NA,NA,NA,NA,FALSE,NA,NA,NA,NA
218,100211,Big Cottonwood Canyon Rd / SR-190,WB,Solitude East / MP 14.54,NA,SL,6682,"Big Cottonwood Canyon Rd / SR-190 WB @ Solitude East / MP 14.54, SL",R2,14.54, 40.621058,-111.591652,10.252.202.14:502,"Big Cottonwood Canyon Rd / SR-190 WB @ Solitude East / MP 14.54, SL (Chain-Up)",Adam,Chain-Up,NA,FALSE,FALSE,9/1/2015,NA,NA,NA,NA,NA,FALSE,NA,NA,NA,NA
219,100212,Big Cottonwood Canyon Rd / SR-190,WB,Brighton / MP 16.54,NA,SL,6683,"Big Cottonwood Canyon Rd / SR-190 WB @ Brighton / MP 16.54, SL",R2,16.54, 40.599553,-111.582778,10.252.202.142:502,"Big Cottonwood Canyon Rd / SR-190 WB @ Brighton / MP 16.54, SL (Chain-Up)",Adam,Chain-Up,NA,FALSE,FALSE,9/1/2015,NA,NA,NA,NA,NA,FALSE,NA,NA,NA,NA
220,100215,I-15,SB,11200 S / MP 292.82,SJO,SL,6700,"I-15 SB @ 11200 S / MP 292.82, SJO",R2,292.82, 40.547423,-111.895890,10.212.7.15:161,"I-15 SB @ 11200 S / MP 292.82, SJO",Daktronics,BI Tran,10,TRUE,TRUE,12/1/2015,12/1/2025,NA,NA,NA,NA,FALSE,NA,100215,40.548522,-111.896423
221,100214,Region 2 / IMT Portable,NA,Wanco # 388,NA,NA,6701,Region 2 / IMT Portable Wanco # 388,R2,NA,NA,NA,166.154.68.77:5102,Region 2 / IMT Portable Wanco # 388,Wanco,Portable,NA,FALSE,FALSE,12/1/2015,NA,NA,NA,NA,NA,FALSE,NA,NA,NA,NA
222,100213,I-70,EB,I-15 / Cove Fort / MP 0.7,NA,MD,6702,"I-70 EB @ I-15 / Cove Fort / MP 0.7, MD",R4,0.7, 38.581590,-112.594941,10.135.5.142:5102,"I-70 EB @ I-15 / Cove Fort / MP 0.7, MD",Wanco,NA,NA,FALSE,FALSE,12/1/2015,NA,NA,NA,NA,NA,FALSE,NA,100213,38.58079,-112.595631
223,100225,Provo Canyon Rd / US-189,EB,Canyon Glen Park / MP 9.93,NA,UT,6718,"Provo Canyon Rd / US-189 EB @ Canyon Glen Park / MP 9.93, UT",R3,9.93, 40.328817,-111.620090,10.166.9.190:5000,"Provo Canyon Rd / US-189 EB @ Canyon Glen Park / MP 9.93, UT",Wanco,NTCIP,NA,FALSE,FALSE,3/1/2016,NA,NA,NA,NA,NA,FALSE,NA,100225,40.328532,-111.620705
224,100217,Timpanogos Hwy  / 11000 N / SR-92,WB,6400 W,HLD,UT,16253,"Timpanogos Hwy / 11000 N / SR-92 @ 6400 W, HLD",R3,4.26, 40.431938,-111.812909,10.212.21.62:5000,"Timpanogos Hwy / 11000 N / SR-92 @ 6400 W, HLD",WANCO,NTCIP,NA,FALSE,FALSE,3/17/2016,NA,NA,NA,NA,NA,FALSE,NA,100217,40.431915,-111.812856
225,100218,Little Cottonwood Canyon Rd / SR-210,EB,White Pine Parking / MP 9.26,NA,SL,6719,"Little Cottonwood Canyon Rd / SR-210 @ White Pine Parking / MP 9.26, SL",R2,9.26, 40.575686,-111.681188,10.201.15.202:502,"(Avalanche Warning) Little Cottonwood Canyon Rd / SR-210 @ White Pine Parking / MP 9.26, SL",BI Tran,Avalanche Warning Sign,NA,FALSE,FALSE,3/21/2016,NA,NA,NA,NA,NA,FALSE,NA,NA,NA,NA
226,100219,Little Cottonwood Canyon Rd / SR-210,WB,Milepost 11.95,ALT,SL,6720,"Little Cottonwood Canyon Rd / SR-210 @ Milepost 11.95, ALT",R2,11.95, 40.590432,-111.637496,10.201.16.98:502,"(Avalanche Warning) Little Cottonwood Canyon Rd / SR-210 @ Milepost 11.95, ALT",BI Tran,Avalanche Warning Sign,NA,FALSE,FALSE,3/21/2016,NA,NA,NA,NA,NA,FALSE,NA,NA,NA,NA
227,100221,US-6,SB,1000 N / MP 231.74,HLP,CC,15539,"US-6 @ 1000 N / MP 231.74, HLP",R3,231.74, 39.701114,-110.868484,10.157.5.220:161,"US-6 SB/EB @ 1000 N / MP 231.74, HLP",Daktronics,Bi Tran,NA,FALSE,FALSE,5/31/2016,NA,NA,NA,NA,NA,FALSE,NA,NA,NA,NA
228,100223,Provo Canyon Rd / US-189,EB,Canyon View Park / MP 8.46,PVO,UT,15425,"Provo Canyon Rd / US-189 @ Canyon View Park / MP 8.46, PVO",R3,8.46, 40.323737,-111.643247,10.166.9.154:5000,"Provo Canyon Rd / US-189 EB @ Canyon View Park / MP 8.46, PVO",Wanco,NTCIP,NA,FALSE,FALSE,6/30/2016,NA,NA,NA,NA,NA,FALSE,NA,NA,NA,NA
229,100224,Provo Canyon Rd / US-189,WB,Springdell / MP 9.68,NA,UT,6735,"Provo Canyon Rd / US-189 @ Springdell / MP 9.68, UT",R3,9.68, 40.328739,-111.625156,10.166.9.178:5000,"Provo Canyon Rd / US-189 WB @ Springdell / MP 9.68, UT",Wanco,NTCIP,NA,FALSE,FALSE,6/30/2016,NA,NA,NA,NA,NA,FALSE,NA,NA,NA,NA
230,100226,Provo Canyon Rd / US-189,WB,Nunns Park / MP 10.96,NA,UT,6742,"Provo Canyon Rd / US-189 WB @ Nunns Park / MP 10.96, UT",R3,10.96, 40.339986,-111.607684,10.252.9.142:5000,"Provo Canyon Rd / US-189 WB @ Nunns Park / MP 10.96, UT",Wanco,NTCIP,NA,FALSE,FALSE,6/30/2016,NA,NA,NA,NA,NA,FALSE,NA,100226,40.339684,-111.608456
231,100227,Provo Canyon Rd / US-189,EB,Little Deer Creek Cir / MP 17.32,NA,WA,6743,"Provo Canyon Rd / US-189 EB @ Little Deer Creek Cir / MP 17.32, WA",R3,17.32, 40.401886,-111.533707,10.166.10.98:5000,"Provo Canyon Rd / US-189 EB @ Little Deer Creek Cir / MP 17.32, WA",Wanco,NTCIP,NA,FALSE,FALSE,6/30/2016,NA,NA,NA,NA,NA,FALSE,NA,100227,40.402546,-111.532802
232,100228,US-189,WB,Deer Creek Reservoir / MP 18.85,NA,WA,6744,"US-189 WB @ Deer Creek Reservoir / MP 18.85, WA",R3,18.85, 40.411505,-111.510419,10.170.5.14:5000,"US-189 WB @ Deer Creek Reservoir / MP 18.85, WA",Wanco,NTCIP,NA,FALSE,FALSE,6/30/2016,NA,NA,NA,NA,NA,FALSE,NA,100228,40.411555,-111.510567
233,100229,Timpanogos Hwy / 3500 N / SR-92,WB,1100 E,LHI,UT,6827,"Timpanogos Hwy / 3500 N / SR-92 WB @ 1100 E, LHI",R3,3.24, 40.432289,-111.832244,10.212.23.140:2101,"(Commuter Lane Closed Flasher) Timpanogos Hwy / 3500 N / SR-92 WB @ 1100 E, LHI",ADAM,Flasher,NA,FALSE,FALSE,9/8/2016,NA,NA,NA,NA,NA,FALSE,NA,NA,NA,NA
234,100230,State St / US-89,SB,1350 S / MP 225.8,SLA,SE,6825,"State St / US-89 SB @ 1350 S / MP 225.8, SLA",R4,225.8, 38.939496,-111.854714,10.142.6.14:5102,"State St / US-89 SB @ 1350 S / MP 225.8, SLA",Wanko,NTCIP,NA,FALSE,FALSE,9/8/2016,NA,NA,NA,NA,NA,FALSE,NA,100230,38.939494,-111.854696
235,100231,I-15,NB,East Bay / MP 262.4,SPV,UT,6826,"I-15 NB @ East Bay / MP 262.4, UT",R3,262.4, 40.195879,-111.648739,10.167.7.202:161,"I-15 NB @ East Bay / MP 262.4, UT",Daktronics,27x105,NA,FALSE,FALSE,9/8/2016,NA,NA,NA,NA,NA,FALSE,NA,100231,40.195828,-111.648815
236,100232,I-70,WB,Salina VMS / MP 58.66,NA,SE,6810,"I-70 WB @ Salina VMS / MP 58.66, SE",R4,58.66, 38.931494,-111.819627,10.142.5.14:161,"I-70 WB @ Salina VMS / MP 58.66, SE",Daktronics,27x105,NA,FALSE,FALSE,9/8/2016,NA,NA,NA,NA,NA,FALSE,NA,100232,38.931375,-111.821071
237,100233,Timpanogos Hwy / 11000 N / SR-92,WB,Tamarack Dr,HLD,UT,6828,"Timpanogos Hwy / 11000 N / SR-92 WB @ Tamarack Dr, HLD",R3,4.03, 40.431944,-111.817311,10.212.23.152:2101,"(Commuter Lane Closed Flasher) Timpanogos Hwy / 11000 N / SR-92 WB @ Tamarack Dr, HLD",ADAM,Flasher,NA,FALSE,FALSE,9/8/2016,NA,NA,NA,NA,NA,FALSE,NA,NA,NA,NA
238,100234,Highland Blvd,SB,Timpanogos Hwy / 11000 N / SR-92,HLD,UT,6829,"Highland Blvd SB @ Timpanogos Hwy / 11000 N / SR-92, HLD",R3,3.78, 40.433087,-111.822150,10.212.23.152:2102,"(Commuter Lane Closed Flasher) Highland Blvd SB @ Timpanogos Hwy / 11000 N / SR-92, HLD",ADAM,Flasher,NA,FALSE,FALSE,9/8/2016,NA,NA,NA,NA,NA,FALSE,NA,NA,NA,NA
239,100237,Deer Valley Dr / SR-224,NB,Milepost 5.38,PKC,SU,6870,"Deer Valley Dr / SR-224 NB @ Milepost 5.38, PKC",R2,5.38,40.65389,-111.502285,10.213.6.38:5102,"Deer Valley Dr / SR-224 NB @ Milepost 5.38, PKC",Wanco,NTCIP,NA,FALSE,FALSE,1/12/2017,NA,NA,NA,NA,NA,FALSE,NA,100237,40.653891,-111.502291
240,100240,Park Ave / SR-224,SB,Milepost 6.26,PKC,SU,6871,"Park Ave / SR-224 SB @ Milepost 6.26, PKC",R2,6.26,40.662309,-111.512514,10.213.9.154:5102,"Park Ave / SR-224 SB @ Milepost 6.26, PKC",Wanco,NTCIP,NA,FALSE,FALSE,1/12/2017,NA,NA,NA,NA,NA,FALSE,NA,NA,NA,NA
241,100239,Kearns Blvd / SR-248,EB,Park City HS / MP 0.78,PKC,SU,6872,"Kearns Blvd / SR-248 EB @ Park City HS / MP 0.78, PKC",R2,0.78,40.665853,-111.496718,10.213.9.202:5102,"Kearns Blvd / SR-248 EB @ Park City HS / MP 0.78, PKC",Wanco,NTCIP,NA,FALSE,FALSE,1/12/2017,NA,NA,NA,NA,NA,FALSE,NA,100239,40.665539,-111.496658
242,100241,Kearns Blvd / SR-248,WB,Milepost 1.39,PKC,SU,6873,"Kearns Blvd / SR-248 WB @ Milepost 1.39, PKC",R2,1.39,40.668434,-111.486229,10.213.9.23:5102,"Kearns Blvd / SR-248 WB @ Milepost 1.39, PKC",Wanco,NTCIP,NA,FALSE,FALSE,1/12/2017,NA,NA,NA,NA,NA,FALSE,NA,NA,NA,NA
243,100242,Timpanogos Hwy / 3500 N / SR-92,EB,Digital Dr,LHI,UT,6012,"Timpanogos Hwy / 3500 N / SR-92 EB @ Digital Dr, LHI",R3,0.29, 40.431286,-111.887985,10.212.20.144:502,"(Commuter Lane Closed Flasher) Timpanogos Hwy / 3500 N / SR-92 EB @ Digital Dr, LHI",Adam,Flasher,NA,FALSE,FALSE,4/18/2017,NA,NA,NA,NA,NA,FALSE,NA,NA,NA,NA
244,100243,State St / SR-9,EB,Milepost 1.42,HRC,WN,6940,"State St / SR-9 EB @ Milepost 1.42, HRC",R4,1.42, 37.161205,-113.430040,10.149.5.142:5102,"State St / SR-9 EB @ Milepost 1.42, HRC",Wanco,NTCIP,10,TRUE,TRUE,6/15/2017,6/15/2027,NA,NA,NA,NA,FALSE,NA,100243,37.161076,-113.429994
245,100244,I-15,NB,3200 N / MP 350.3,PLV,WB,40400,"I-15 NB @ 3200 N / MP 350.3, PLV",R1,350.3,41.320213,-112.026651,10.235.10.214.161,"I-15 NB @ 3200 N / MP 350.3, PLV",Daktronics,27x105,10,TRUE,TRUE,1/24/2018,1/1/2028,NA,NA,NA,NA,FALSE,NA,100244,41.320558,-112.026625
246,100290,I-15,NB,11450 S / MP 292.46,DPR,SL,41973,"I-15 NB @ 11450 S / MP 292.46, DPR",R2,292.46,40.542045,-111.893906,10.208.20.142:161,"I-15 NB @ 11450 S / MP 292.46, DPR",Daktronics,Color 96X336,10,TRUE,TRUE,7/28/2021,7/28/2031,NA,NA,NA,20083,FALSE,NA,100290,40.542126,-111.893833
247,100246,SR-201,WB,1300 W / MP 15.74,SLC,SL,40410,"SR-201 WB @ 1300 W / MP 15.74, SLC",R2,15.74,40.724485,-111.929729,10.205.5.126:161,"SR-201 WB @ 1300 W / MP 15.74, SLC",Daktronics,27x105,10,TRUE,TRUE,2/15/2018,2/15/2028,NA,NA,NA,NA,FALSE,NA,100246,40.724343,-111.929374
248,100247,I-215 S,EB,2300 E / MP 7.3,CWH,SL,40406,"I-215 S EB @ 2300 E / MP 7.3, CWH",R2,7.3,40.634239,-111.824884,10.208.11.86:161,"I-215 S EB @ 2300 E / MP 7.3, CWH",Daktronics,27x105,10,TRUE,TRUE,2/15/2018,2/15/2018,NA,NA,NA,NA,FALSE,NA,100247,40.634223,-111.824718
249,100248,Center St / SR-14,EB,Milepost 1,CDC,RN,40511,"Center St / SR-14 EB @ Milepost 1, CDC",R4,1,37.673917,-113.045891,10.252.10.14,"Center St / SR-14 EB @ Milepost 1, CDC",Adaptive,Wanco NTCIP,10,TRUE,TRUE,10/25/2018,10/1/2028,NA,NA,NA,NA,FALSE,NA,NA,NA,NA
250,100250,US-40,NB,Milepost 1.85,NA,SU,40510,"US-40 @ Milepost 1.85, SU",R2,1.85,40.711716,-111.481927,10.213.5.226,"US-40 NB @ Milepost 1.85, SU",Daktronics,27x105,10,TRUE,TRUE,10/25/2018,10/1/2028,NA,NA,NA,NA,FALSE,NA,NA,NA,NA
251,100251,(Chain-up) I-80,EB,5200 W,SLC,SL,40536,"(Chain-up) I-80 EB @ 5200 W, SLC",R2,113.67,40.770729,-112.015609,10.252.204.142,"(Chain-up) I-80 EB @ 5200 W, SLC",ADAM,Chain-up,NA,FALSE,FALSE,11/27/2018,NA,NA,NA,NA,NA,FALSE,NA,100251,40.770183,-112.016295
252,100252,(Chain-up) I-80,WB,Silver Creek Jct / US-40,NA,SU,40537,"(Chain-up) I-80 WB @ Silver Creek Jct / US-40, SU",R2,146.74,40.730811,-111.499883,10.252.206.14,"(Chain-up) I-80 WB @ Silver Creek Jct / US-40, SU",ADAM,Chain-up,NA,FALSE,FALSE,11/27/2018,NA,NA,NA,NA,NA,FALSE,NA,100252,40.733014,-111.498884
253,100253,SR-14,WB,Mammoth Creek Rd / Duck Creek Ridge Rd / MP 31.46,NA,KN,40563,"SR-14 WB @ Mammoth Creek Rd / Duck Creek Ridge Rd / MP 31.46, KN",R4,31.46,37.517839,-112.646394,10.252.10.78,"SR-14 WB @ Mammoth Creek Rd / Duck Creek Ridge Rd / MP 31.46, KN",Adaptive,Wanco NTCIP,10,TRUE,TRUE,1/10/2019,1/10/2029,NA,NA,NA,NA,FALSE,NA,100253,37.520079,-112.648419
254,100254,(Chain-up) US-6,WB,US-191 / MP 229.82,NA,CC,40487,"US-6 @ US-191 / MP 229.82, CC",R4,229.82,39.727085,-110.867333,10.137.5.26,"(Chain-up) US-6 WB @ US-191 / MP 229.82, CC",ADAM,Chain-up,NA,FALSE,FALSE,1/10/2019,NA,NA,4460,Castle Gate,NA,FALSE,NA,NA,NA,NA
255,100255,(Chain-up) US-6,EB,Tie Fork Rest Area / MP 202.05,NA,UT,10323,"US-6 EB @ Tie Fork Rest Area / MP 202.05, UT",R3,202.05,39.951698,-111.223458,10.167.11.14,"(Chain-up) US-6 EB @ Tie Fork Rest Area / MP 202.05, UT",ADAM,Chain-up,NA,FALSE,FALSE,1/10/2019,NA,NA,NA,NA,NA,FALSE,NA,NA,NA,NA
256,100256,I-70,WB,Milepost 25.15,JSP,SE,40564,"I-70 WB @ Milepost 25.15, SE",R4,25.15,38.616162,-112.229872,10.252.10.206,"I-70 WB @ Milepost 25.15, SE",Adaptive,Wanco NTCIP,10,TRUE,TRUE,1/10/2019,1/10/2029,NA,4464,Richfield,NA,FALSE,NA,100256,38.616181,-112.231836
257,100261,I-15,SB,Milepost 95.3,NA,RN,40784,"I-15 SB @ SR-20 / MP 95.3, RN",R4,95.3,38.081855,-112.680158,10.252.5.142,"I-15 SB @ SR-20 / MP 95.3, RN",Adaptive,Wanco NTCIP,10,TRUE,TRUE,6/20/2019,6/1/2029,NA,NA,NA,NA,FALSE,NA,100261,38.081787,-112.681019
258,100264,(Chain-Up) I-80,EB,1900 E / MP 126,SLC,SL,10368,"I-80 EB @ 1900 E / MP 126, SLC",R2,126,40.717183,-111.836386,10.202.18.152,"(Chain-Up) I-80 EB @ 1900 E / MP 126, SLC",ADAM,Chain-up,NA,FALSE,FALSE,6/20/2019,NA,NA,NA,NA,NA,FALSE,NA,15,40.71495,-111.837105
259,100265,(Chain-Up) I-215 E,NB,3100 S / MP 1.62,MCK,SL,10225,"I-215 E NB @ 3100 S / MP 1.62, MCK",R2,1.62,40.703297,-111.794871,10.202.18.16,"(Chain-Up) I-215 E NB @ 3100 S / MP 1.62, MCK",ADAM,Chain-up,NA,FALSE,FALSE,6/20/2019,NA,NA,NA,NA,NA,FALSE,NA,28,40.703211,-111.791728
260,100267,I-15,SB,800 N / MP 364.92,BRC,BE,40919,"I-15 SB @ 800 N / MP 364.92, BRC",R1,364.92,41.525085,-112.065105,10.237.5.50,"I-15 SB @ 800 N / MP 364.92, BRC",Daktronics,27x105,10,TRUE,TRUE,10/3/2019,10/3/2029,NA,NA,NA,NA,FALSE,NA,100267,41.520313,-112.065365
261,100268,I-15,NB,800 S / MP 327.4,KAY,DA,40927,"I-15 NB @ 800 S / MP 327.4, KAY",R1,327.4,41.020999,-111.942700,10.232.8.98,"I-15 NB @ 800 S / MP 327.4, KAY",Daktronics,27x105,10,TRUE,TRUE,10/3/2019,10/3/2029,NA,NA,NA,NA,FALSE,NA,100268,41.021291,-111.941915
262,100269,I-15,SB,300 S / MP 356.28,WIL,BE,40928,"I-15 SB @ 300 S / MP 356.28, WIL",R1,356.28,41.403782,-112.048274,10.235.10.238,"I-15 SB @ 300 S / MP 356.28, WIL",Daktronics,27x105,10,TRUE,TRUE,10/3/2019,10/3/2029,NA,NA,NA,NA,FALSE,NA,100269,41.402645,-112.048763
263,100270,I-84 / Weber Canyon,WB,Milepost 91.35,NA,MN,40920,"I-84 / Weber Canyon WB @ Milepost 91.35, MN",R1,91.35,41.139698,-111.848265,10.232.8.154,"I-84 / Weber Canyon WB @ Milepost 91.35, MN",Daktronics,27x105,10,TRUE,TRUE,10/3/2019,10/3/2029,NA,NA,NA,NA,FALSE,NA,100270,41.14015,-111.849431
264,100271,US-89,SB,Shepard Ln / MP 396.65,FRM,DA,40929,"US-89 SB @ Shepard Ln / MP 396.65, FRM",R1,396.65,40.999555,-111.907388,10.232.13.110,"US-89 SB @ Shepard Ln / MP 396.65, FRM",Daktronics,27x105,10,TRUE,TRUE,10/3/2019,10/3/2029,NA,0,NA,NA,FALSE,NA,NA,NA,NA
265,100273,Deer Valley Dr / SR-224,SB,Milepost 5.27,PKC,SU,40965,"Deer Valley Dr / SR-224 SB @ Milepost 5.27, PKC",R2,5.27,40.652453,-111.501797,10.213.6.50,"Deer Valley Dr / SR-224 SB @ Milepost 5.27, PKC",Daktronics,Daktron 18x75,10,TRUE,TRUE,3/11/2020,3/11/2030,NA,0,NA,NA,FALSE,NA,100273,40.652027,-111.501601
266,NA,Bangerter Hwy / SR-154,NB,7050 S,WJD,SL,40989,"Bangerter Hwy / SR-154 NB @ 7050 S, WJD",R2,13.79,40.622550,-111.976250,10.212.10.175,"Bangerter Hwy / SR-154 NB @ 7050 S, WJD",NA,NA,10,TRUE,TRUE,4/13/2020,4/13/2030,NA,0,NA,NA,FALSE,NA,NA,NA,NA
267,100275,I-15,NB,Portage / MP 398.06,PTG,BE,40992,"I-15 RWIS NB @ Portage / MP 398.06, BE",R1,398.06,41.967629,-112.180962,10.252.5.206,"I-15 NB @ Portage / MP 398.06, BE",Wanco,NTCIP,10,TRUE,TRUE,6/24/2020,6/24/2030,NA,NA,NA,NA,FALSE,NA,NA,NA,NA
268,100276,I-84,WB,Milepost 16.45,NA,BE,41237,"I-84 WB @ Milepost 16.45, BE",R1,16.45,41.895007,-112.562322,10.252.5.78,"I-84 WB @ Milepost 16.45, BE",Wanco,NTCIP,10,TRUE,TRUE,6/24/2020,6/24/2030,NA,NA,NA,NA,FALSE,NA,100276,41.896678,-112.561976
269,100277,SR-36,NB,Milepost 62.55,STP,TE,41317,"SR-36 NB @ Milepost 62.55, STP",R2,62.55,40.648412,-112.288370,10.218.6.214,"SR-36 NB @ Milepost 62.55, STP",Daktronics,Color 96x336,10,TRUE,TRUE,8/25/2020,8/25/2030,NA,0,NA,NA,FALSE,NA,100277,40.648618,-112.288336
270,100278,I-80,WB,Milepost 105.5,NA,SL,41349,"I-80 WB @ Milepost 105.5, SL",R2,105.5,40.758379,-112.167670,10.218.6.86,"I-80 WB @ Milepost 105.5, SL",Daktronics,Color 96x336,10,TRUE,TRUE,12/15/2020,12/1/2030,NA,NA,NA,NA,FALSE,NA,NA,NA,NA
271,100279,US-40,WB,500 E / MP 87,DCH,DU,41549,"US-40 @ 500 E / MP 87, DCH",R3,87,40.162828,-110.393512,10.175.111.142,"US-40 WB @ 500 E / MP 87, DCH",Daktronics,Color 96x336,10,TRUE,TRUE,12/15/2020,12/1/2030,NA,NA,NA,NA,FALSE,NA,NA,NA,NA
272,100280,US-40,SB,2100 S / MP 18.91,HBR,WA,41550,"US-40 SB @ 2100 S / MP 18.91, HBR",R3,18.91,40.481684,-111.402107,10.171.5.76,"US-40 SB @ 2100 S / MP 18.91, HBR",Daktronics,Color 96x336,10,TRUE,TRUE,12/15/2020,12/1/2030,NA,NA,NA,NA,FALSE,NA,100280,40.481547,-111.401929
273,100281,I-15,NB,950 N / MP 280.8,LHI,UT,6556,"I-15 NB @ 950 N / MP 280.8, LHI",R3,280.8,40.399446,-111.846544,10.212.12.38:161,"I-15 NB @ 950 N / MP 280.8, LHI",Daktronics,Color 96x336,10,TRUE,TRUE,4/5/2021,4/5/2031,NA,NA,NA,NA,FALSE,NA,100281,40.399798,-111.846549
274,100282,I-15,SB,950 N / MP 280.8,LHI,UT,6090,"I-15 SB @ 950 N / MP 280.8, LHI",R3,280.8,40.398960,-111.846967,10.212.12.38:46002,"I-15 SB @ 950 N / MP 280.8, LHI",Daktronics,Color 96x336,10,TRUE,TRUE,4/5/2021,4/5/2031,NA,NA,NA,NA,FALSE,NA,100282,40.398915,-111.847431
275,100283,I-15,NB,Milepost 204.4,NA,JU,41726,"I-15 NB @ Milepost 204.4, JU",R3,204.4,39.459999,-112.004800,10.174.5.38:161,"I-15 NB @ Milepost 204.4, JU",Daktronics,Color 96x336,10,TRUE,TRUE,4/5/2021,4/5/2031,NA,NA,NA,NA,FALSE,NA,100283,39.460228,-112.002299
276,100284,Foothill Dr / SR-186,SB,2180 S / MP 8.12,SLC,SL,41762,"Foothill Dr / SR-186 SB @ 2180 S / MP 8.12, SLC",R2,8.12,40.723982,-111.813874,10.202.5.110,"Foothill Dr / SR-186 SB @ 2180 S / MP 8.12, SLC",Daktronics,Color 48x160,10,TRUE,TRUE,7/1/2021,7/1/2031,NA,NA,NA,NA,FALSE,NA,100284,40.724517,-111.814442
277,100285,I-15,SB,Milepost 246.48,STQ,UT,41923,"I-15 @ Milepost 246.48, STQ",R3,246.48,39.998004,-111.763321,10.167.10.86,"I-15 SB @ Milepost 246.48, STQ",Daktronics,Color 96x336,10,TRUE,TRUE,7/1/2021,7/1/2031,NA,NA,NA,NA,FALSE,NA,NA,NA,NA
278,100286,I-15,NB,Milepost 246.48,STQ,UT,41923,"I-15 @ Milepost 246.48, STQ",R3,246.48,39.998007,-111.763170,10.167.10.86,"I-15 NB @ Milepost 246.48, STQ",Daktronics,Color 96x336,10,TRUE,TRUE,7/1/2021,7/1/2031,NA,NA,NA,NA,FALSE,NA,NA,NA,NA
279,100287,Mountain View / SR-85,NB,2400 S,WVC,SL,41921,"Mountain View / SR-85 NB @ 2400 S, WVC",R2,22.8,40.718020,-112.029502,10.217.7.154,"Mountain View / SR-85 NB @ 2400 S, WVC",Daktronics,Color 96x336,10,TRUE,TRUE,7/1/2021,7/1/2031,NA,NA,NA,NA,FALSE,NA,100287,40.717844,-112.028774
280,100288,Mountain View / SR-85,SB,1500 S,SLC,SL,41924,"Mountain View / SR-85 SB @ 1500 S, SLC",R2,NA,40.737249,-112.029749,10.217.7.38,"Mountain View / SR-85 SB @ 1500 S, SLC",Daktronics,Color 96x336,10,TRUE,TRUE,7/1/2021,7/1/2031,NA,NA,NA,NA,FALSE,NA,100288,40.737701,-112.029834
281,100289,Mountain View / SR-85,NB,3400 S,WVC,SL,41925,"Mountain View / SR-85 NB @ 3400 S, WVC",R2,NA,40.699024,-112.028260,10.217.8.26,"Mountain View / SR-85 NB @ 3400 S, WVC",Daktronics,Color 96x336,10,TRUE,TRUE,7/1/2021,7/1/2031,NA,NA,NA,NA,FALSE,NA,100289,40.69915,-112.027829
282,100292,I-15,NB,8050 S / MP 296.85,MDV,SL,41955,"I-15 NB @ 8050 S / MP 296.85, MDV",R2,296.85,40.6050529,-111.904137,10.212.6.74,"I-15 NB @ 8050 S / MP 296.85, MDV",Daktronics,Color 96X336,10,TRUE,TRUE,7/28/2021,7/28/2031,NA,NA,NA,20139,FALSE,0,100292,40.603935,-111.904028
