ID,VMSID,PrimaryLocation,PrimaryDirection,SecondaryLocation,City,County,AIMSID,AIMSLocationName,Region,Milepost,Latitude,Longitude,IPAddress,VMSLabel,Make,Model,LifeSpanYrs,Availability,Repairability,DateInstalled,EndOfLife,EquipmentNumber,StationID,StationName,ModemPhoneNumber,HasRadar,ITSID
1,1,I-15,SB,350 N / MP 308.92,SLC,SL,10122,"I-15 SB @ 350 N / MP 308.92, SLC",R2,308.92, 40.776556,-111.910825,10.204.13.142:300,"I-15 SB @ 350 N / MP 308.92, SLC",NA,NA,NA,FALSE,FALSE,NA,NA,NA,NA,NA,NA,FALSE,NA
2,2,I-15,SB,600 S / MP 307.49,SLC,SL,20001,"I-15 SB @ 600 S / MP 307.49, SLC",R2,307.49, 40.756187,-111.912676,10.205.11.26:300,"I-15 SB @ 600 S / MP 307.49, SLC",NA,NA,NA,FALSE,FALSE,NA,NA,NA,NA,NA,NA,FALSE,NA
3,4,I-15,SB,3900 S / MP 302.57,SSL,SL,20002,"I-15 SB @ 3900 S / MP 302.57, SSL",R2,302.57, 40.687217,-111.903261,10.208.8.224:300,"I-15 SB @ 3900 S / MP 302.57, SSL",NA,NA,NA,FALSE,FALSE,NA,NA,NA,NA,NA,NA,FALSE,NA
4,5,I-15,SB,4800 S / MP 301.15,MUR,SL,20003,"I-15 SB @ 4800 S / MP 301.15, MUR",R2,301.15, 40.666917,-111.901783,10.208.8.212:300,"I-15 SB @ 4800 S / MP 301.15, MUR",NA,NA,NA,FALSE,FALSE,NA,NA,NA,NA,NA,NA,FALSE,NA
5,6,I-15,SB,8200 S / MP 296.64,MDV,SL,10068,"I-15 SB @ 8200 S / MP 296.64, MDV",R2,296.64, 40.601960,-111.904590,10.212.7.206:300,"I-15 SB @ 8200 S / MP 296.64, MDV",NA,NA,NA,FALSE,FALSE,NA,NA,NA,NA,NA,NA,FALSE,NA
6,100291,I-15,NB,9800 S / MP 294.59,SND,SL,10059,"I-15 NB @ 9800 S / MP 294.59, SND",R2,294.59, 40.572734,-111.899794,10.212.26.190,"I-15 NB @ 9800 S / MP 294.59, SND",Daktronics,Color 96X336,10,TRUE,TRUE,7/28/2021,7/28/2031,NA,NA,NA,20110,FALSE,NA
7,8,I-15 Collector,NB,8450 S / MP 296.32,MDV,SL,10069,"I-15 Collector NB @ 8450 S / MP 296.32, MDV",R2,296.32,40.597530,-111.902772,10.212.6.26:161,"I-15 Collector NB @ 8450 S / MP 296.32, MDV",Daktronics,Color 96x336,10,TRUE,TRUE,2/25/2021,2/25/2031,NA,NA,NA,NA,FALSE,NA
8,9,I-15,NB,5000 S / MP 300.98,MUR,SL,20007,"I-15 NB @ 5000 S / MP 300.98, MUR",R2,300.98, 40.664433,-111.901014,10.208.8.206:300,"I-15 NB @ 5000 S / MP 300.98, MUR",NA,NA,NA,FALSE,FALSE,NA,NA,NA,NA,NA,NA,FALSE,NA
9,10,I-15,NB,4000 S / MP 302.45,NA,SL,20008,"I-15 NB @ 4000 S / MP 302.45, SL",R2,302.45, 40.685628,-111.902381,10.208.8.218:300,"I-15 NB @ 4000 S / MP 302.45, SL",NA,NA,NA,FALSE,FALSE,NA,NA,NA,NA,NA,NA,FALSE,NA
10,11,I-15,NB,1300 S / MP 306.41,SLC,SL,20009,"I-15 NB @ 1300 S / MP 306.41, SLC",R2,306.41, 40.742692,-111.903764,10.205.6.202:300,"I-15 NB @ 1300 S / MP 306.41, SLC",NA,NA,NA,FALSE,FALSE,NA,NA,NA,NA,NA,NA,FALSE,NA
11,12,I-80,EB,3400 W / MP 116.21,SLC,SL,20010,"I-80 EB / WB @ 3400 W / MP 116.21, SLC",R2,116.21, 40.764258,-111.968431,10.206.6.218:300,"I-80 EB @ 3400 W / MP 116.21, SLC",NA,NA,NA,FALSE,FALSE,NA,NA,NA,NA,NA,NA,FALSE,NA
12,13,I-80,EB,1200 W / MP 118.45,SLC,SL,20011,"I-80 EB @ 1200 W / MP 118.45, SLC",R2,118.45, 40.764461,-111.925753,10.206.6.224:300,"I-80 EB @ 1200 W / MP 118.45, SLC",NA,NA,NA,FALSE,FALSE,NA,NA,NA,NA,NA,NA,FALSE,NA
13,14,I-80,WB,400 E / MP 123.7,SSL,SL,20012,"I-80 WB @ 400 E / MP 123.7, SSL",R2,123.7, 40.718415,-111.879632,10.202.18.74:161,"I-80 WB @ 400 E / MP 123.7, SSL",NA,NA,NA,FALSE,FALSE,NA,NA,NA,NA,NA,NA,FALSE,NA
14,15,I-80,EB,1900 E / MP 126,SLC,SL,10368,"I-80 EB @ 1900 E / MP 126, SLC",R2,126, 40.717281,-111.836297,10.202.18.50:300,"I-80 EB @ 1900 E / MP 126, SLC",NA,NA,NA,FALSE,FALSE,NA,NA,NA,NA,NA,NA,FALSE,NA
15,16,I-80,WB,Mouth of Parley's Canyon / MP 129.64,NA,SL,20014,"I-80 WB @ Mouth of Parley's Canyon / MP 129.64, SL",R2,129.64, 40.721861,-111.776297,10.202.18.26:300,"I-80 WB @ Mouth of Parley's Canyon / MP 129.64, SL",NA,NA,NA,FALSE,FALSE,NA,NA,NA,NA,NA,NA,FALSE,NA
16,17,I-80,WB,1700 E / MP 125.69,SLC,SL,10366,"I-80 WB @ 1700 E / MP 125.69, SLC",R2,125.69, 40.718897,-111.841886,10.202.18.62:300,"I-80 WB @ 1700 E / MP 125.69, SLC",NA,NA,NA,FALSE,FALSE,NA,NA,NA,NA,NA,NA,FALSE,NA
17,18,I-80,EB,400 E / MP 123.7,SSL,SL,20016,"I-80 EB @ 400 E / MP 123.7, SSL",R2,123.7, 40.718036,-111.879716,10.202.18.86:161,"I-80 EB @ 400 E / MP 123.7, SSL",NA,NA,NA,FALSE,FALSE,NA,NA,NA,NA,NA,NA,FALSE,NA
18,19,I-215 W,SB,250 N / MP 23,SLC,SL,10248,"I-215 W SB @ 250 N / MP 23, SLC",R2,23, 40.775072,-111.949486,10.204.5.14:300,"I-215 W SB @ 250 N / MP 23, SLC",NA,NA,NA,FALSE,FALSE,NA,NA,NA,NA,NA,NA,FALSE,NA
19,20,I-215 W,SB,1000 S / MP 21.14,SLC,SL,20018,"I-215 W SB @ 1000 S / MP 21.14, SLC",R2,21.14, 40.748436,-111.949072,10.206.6.212:300,"I-215 W SB @ 1000 S / MP 21.14, SLC",NA,NA,NA,FALSE,FALSE,NA,NA,NA,NA,NA,NA,FALSE,NA
20,21,I-215 W,SB,2700 S / MP 18.65,WVC,SL,20019,"I-215 W SB @ 2700 S / MP 18.65, WVC",R2,18.65,40.712639,-111.954117,10.210.6.26:161,"I-215 W SB @ 2700 S / MP 18.65, WVC",Daktronics,27x105,10,TRUE,TRUE,2/15/2018,2/15/2028,NA,NA,NA,NA,FALSE,NA
21,22,I-215 W,SB,5400 S / MP 14.6,TAY,SL,10218,"I-215 W SB @ 5400 S / MP 14.6, TAY",R2,14.6, 40.654031,-111.952936,10.208.13.154:300,"I-215 W SB @ 5400 S / MP 14.6, TAY",NA,NA,NA,FALSE,FALSE,NA,NA,NA,NA,NA,NA,FALSE,NA
22,23,I-215 W,NB,4100 S / MP 16.5,TAY,SL,10226,"I-215 W NB @ 4100 S / MP 16.5, TAY",R2,16.5,40.681693,-111.951046,10.208.13.166:161,"I-215 W NB @ 4100 S / MP 16.5, TAY",Daktronics,27x105,10,TRUE,TRUE,2/15/2018,2/15/2028,NA,NA,NA,NA,FALSE,NA
23,24,I-215 W,NB,1100 S / MP 20.97,SLC,SL,20022,"I-215 W NB @ 1100 S / MP 20.97, SLC",R2,20.97, 40.745922,-111.948589,10.206.6.206:300,"I-215 W NB @ 1100 S / MP 20.97, SLC",NA,NA,NA,FALSE,FALSE,NA,NA,NA,NA,NA,NA,FALSE,NA
24,25,I-215 S,EB,500 E / MP 9.93,MDV,SL,10202,"I-215 S EB @ 500 E / MP 9.93, MDV",R2,9.93, 40.630139,-111.876131,10.208.8.142:300,"I-215 S EB @ 500 E / MP 9.93, MDV",NA,NA,NA,FALSE,FALSE,NA,NA,NA,NA,NA,NA,FALSE,NA
25,26,I-215 S,WB,800 E / MP 9.62,MUR,SL,10293,"I-215 S WB @ 800 E / MP 9.62, MUR",R2,9.62, 40.630367,-111.870239,10.208.8.148:300,"I-215 S WB @ 800 E / MP 9.62, MUR",NA,NA,NA,FALSE,FALSE,NA,NA,NA,NA,NA,NA,FALSE,NA
26,27,I-215 S,WB,1200 W / MP 12.75,MUR,SL,10210,"I-215 S WB @ 1200 W / MP 12.75, MUR",R2,12.75, 40.642100,-111.925481,10.208.13.142:300,"I-215 S WB @ 1200 W / MP 12.75, MUR",NA,NA,NA,FALSE,FALSE,NA,NA,NA,NA,NA,NA,FALSE,NA
27,28,I-215 E,NB,3100 S / MP 1.62,NA,SL,10225,"I-215 E NB @ 3100 S / MP 1.62, SL",R2,1.62, 40.703375,-111.794947,10.208.18.14:300,"I-215 E NB @ 3100 S / MP 1.62, SL",NA,NA,NA,FALSE,FALSE,NA,NA,NA,NA,NA,NA,FALSE,NA
28,29,I-215 E,SB,4800 S / MP 4.39,HDY,SL,10275,"I-215 E SB @ 4800 S / MP 4.39, HDY",R2,4.39, 40.664608,-111.805933,10.201.9.142:300,"I-215 E SB @ 4800 S / MP 4.39, HDY",NA,NA,NA,FALSE,FALSE,NA,NA,NA,NA,NA,NA,FALSE,NA
29,30,SR-201,EB,3600 W / MP 13.23,WVC,SL,20028,"SR-201 EB @ 3600 W / MP 13.23, WVC",R2,13.23, 40.725844,-111.977592,10.206.6.32:161,"SR-201 EB @ 3600 W / MP 13.23, WVC",NA,NA,NA,FALSE,FALSE,NA,NA,NA,NA,NA,NA,FALSE,NA
30,31,SR-201,EB,1275 W / MP 15.83,WVC,SL,20029,"SR-201 EB @ 1275 W / MP 15.83, WVC",R2,15.83, 40.724128,-111.928117,10.205.5.96:300,"SR-201 EB @ 1275 W / MP 15.83, WVC",NA,NA,NA,FALSE,FALSE,NA,NA,NA,NA,NA,NA,FALSE,NA
31,32,I-15,SB,1500 S / MP 316.26,WXS,DA,20030,"I-15 SB @ 1500 S / MP 316.26, WXS",R1,316.26, 40.875150,-111.897061,10.203.6.142:300,"I-15 SB @ 1500 S / MP 316.26, WXS",NA,NA,NA,FALSE,FALSE,NA,NA,NA,NA,NA,NA,FALSE,NA
32,100235,I-15,NB,15400 S / MP 287.23,DPR,SL,6818,"I-15 NB @ 15400 S / MP 287.23, DPR",R2,287.23, 40.471272,-111.908160,10.212.22.214:161,"I-15 NB @ 15400 S / MP 287.23, DPR",Daktronics,27x105,NA,TRUE,TRUE,9/22/2016,NA,NA,NA,NA,NA,FALSE,NA
33,34,I-80,EB,Mouth of Parley's Canyon / MP 128.87,NA,SL,20032,"I-80 EB @ Mouth of Parley's Canyon / MP 128.87, SL",R2,128.87, 40.714058,-111.785867,10.202.18.142:300,"I-80 EB @ Mouth of Parley's Canyon / MP 128.87, SL",NA,NA,NA,FALSE,FALSE,NA,NA,NA,NA,NA,NA,FALSE,NA
34,35,I-15,NB,2000 N / MP 321.26,CVL,DA,20033,"I-15 NB @ 2000 N / MP 321.26, CVL",R1,321.26, 40.946778,-111.890972,10.203.6.148:300,"I-15 NB @ 2000 N / MP 321.26, CVL",NA,NA,NA,FALSE,FALSE,NA,NA,NA,NA,NA,NA,FALSE,NA
35,36,I-15,SB,2000 N / MP 321.27,CVL,DA,20034,"I-15 SB @ 2000 N / MP 321.27, CVL",R1,321.27, 40.946853,-111.891556,10.203.6.154:300,"I-15 SB @ 2000 N / MP 321.27, CVL",NA,NA,NA,FALSE,FALSE,NA,NA,NA,NA,NA,NA,FALSE,NA
36,37,I-80,WB,Mountain Dell / MP 134.54,NA,SL,20035,"I-80 WB @ Mountain Dell / MP 134.54, SL",R2,134.54, 40.748900,-111.698561,10.202.18.154:300,"I-80 WB @ Mountain Dell / MP 134.54, SL",NA,NA,NA,FALSE,FALSE,NA,NA,NA,NA,NA,NA,FALSE,NA
37,47,2100 S / SR-201,WB,West Temple St / 100 W,SLC,SL,20036,"2100 S / SR-201 WB @ West Temple St / 100 W, SLC",R2,17.75, 40.725531,-111.894967,10.205.10.140:2102,"2100 S / SR-201 WB @ West Temple St / 100 W, SLC",NA,NA,NA,FALSE,FALSE,NA,NA,NA,NA,NA,NA,FALSE,NA
38,48,State St / US-89,SB,3200 S,SSL,SL,20037,"State St / US-89 SB @ 3200 S, SSL",R2,374.45, 40.702178,-111.888500,10.205.11.140:2103,"State St / US-89 SB @ 3200 S, SSL",NA,NA,NA,FALSE,FALSE,NA,NA,NA,NA,NA,NA,FALSE,NA
39,49,State St / US-89,SB,4300 S,MUR,SL,20038,"State St / US-89 SB @ 4300 S, MUR",R2,372.73, 40.677753,-111.888511,10.205.11.176:2102,"State St / US-89 SB @ 4300 S, MUR",NA,NA,NA,FALSE,FALSE,NA,NA,NA,NA,NA,NA,FALSE,NA
40,50,State St / US-89,SB,7050 S,MDV,SL,20039,"State St / US-89 SB @ 7050 S, MDV",R2,368.92, 40.623194,-111.890511,10.208.14.12:2102,"State St / US-89 SB @ 7050 S, MDV",NA,NA,NA,FALSE,FALSE,NA,NA,NA,NA,NA,NA,FALSE,NA
41,51,State St / US-89,NB,5400 S,MUR,SL,20040,"State St / US-89 NB @ 5400 S, MUR",R2,371.03, 40.653319,-111.888217,10.205.11.212:2102,"State St / US-89 NB @ 5400 S, MUR",NA,NA,NA,FALSE,FALSE,NA,NA,NA,NA,NA,NA,FALSE,NA
42,52,State St / US-89,NB,4600 S,MUR,SL,20041,"State St / US-89 NB @ 4600 S, MUR",R2,372.28, 40.671325,-111.888069,10.205.11.200:2102,"State St / US-89 NB @ 4600 S, MUR",NA,NA,NA,FALSE,FALSE,NA,NA,NA,NA,NA,NA,FALSE,NA
43,53,State St / US-89,NB,3400 S,SSL,SL,20042,"State St / US-89 NB @ 3400 S, SSL",R2,374.09, 40.697205,-111.888063,10.205.11.164:2102,"State St / US-89 NB @ 3400 S, SSL",NA,NA,NA,FALSE,FALSE,NA,NA,NA,NA,NA,NA,FALSE,NA
44,54,3300 S / SR-171,WB,170 E,SSL,SL,20043,"3300 S / SR-171 WB @ 170 E, SSL",R2,10.83, 40.699947,-111.886417,10.205.11.152:2102,"3300 S / SR-171 WB @ 170 E, SSL",NA,NA,NA,FALSE,FALSE,NA,NA,NA,NA,NA,NA,FALSE,NA
45,55,3300 S / SR-171,EB,1100 W,SSL,SL,20044,"3300 S / SR-171 EB @ 1100 W, SSL",R2,8.95, 40.699292,-111.922247,10.202.7.12:2102,"3300 S / SR-171 EB @ 1100 W, SSL",NA,NA,NA,FALSE,FALSE,NA,NA,NA,NA,NA,NA,FALSE,NA
46,56,4500 S / SR-266,WB,200 E,MUR,SL,20045,"4500 S / SR-266 WB @ 200 E, MUR",R2,3.69, 40.674472,-111.885358,10.205.11.188:2102,"4500 S / SR-266 WB @ 200 E, MUR",NA,NA,NA,FALSE,FALSE,NA,NA,NA,NA,NA,NA,FALSE,NA
47,57,4500 S / Taylorsville Expwy / SR-266,EB,1075 W,TAY,SL,20046,"4500 S / Taylorsville Expwy / SR-266 EB @ 1075 W, TAY",R2,1.91, 40.672878,-111.918636,10.210.7.36:2102,"4500 S / Taylorsville Expwy / SR-266 EB @ 1075 W, TAY",NA,NA,NA,FALSE,FALSE,NA,NA,NA,NA,NA,NA,FALSE,NA
48,58,5400 S / SR-173,EB,1050 W,MUR,SL,20047,"5400 S / SR-173 EB @ 1050 W, MUR",R2,8.36, 40.652900,-111.917969,10.210.7.60:2102,"5400 S / SR-173 EB @ 1050 W, MUR",NA,NA,NA,FALSE,FALSE,NA,NA,NA,NA,NA,NA,FALSE,NA
49,61,9000 S / SR-209,WB,50 E,SND,SL,10198,"9000 S / SR-209 WB @ 50 E, SND",R2,7.95, 40.588239,-111.889222,10.208.14.24:2102,"9000 S / SR-209 WB @ 50 E, SND",NA,NA,NA,FALSE,FALSE,NA,NA,NA,NA,NA,NA,FALSE,NA
50,64,I-80,EB,Jeremy Ranch / MP 142.61,NA,SU,20053,"I-80 EB @ Jeremy Ranch / MP 142.61, SU",R2,142.61, 40.744578,-111.563144,10.213.6.178:300,"I-80 EB @ Jeremy Ranch / MP 142.61, SU",NA,NA,NA,FALSE,FALSE,NA,NA,NA,NA,NA,NA,FALSE,NA
51,65,I-80,WB,Silvercreek Jct / US-40 / MP 147.5,NA,SU,10414,"I-80 WB @ Silvercreek Jct / US-40 / MP 147.5, SU",R2,147.5, 40.736450,-111.487578,10.213.7.166:300,"I-80 WB @ Silvercreek Jct / US-40 / MP 147.5, SU",NA,NA,NA,FALSE,FALSE,NA,NA,NA,NA,NA,NA,FALSE,NA
52,66,I-15,SB,1800 N / Harrisville Rd / MP 348.23,FRW,WB,15257,"I-15 SB @ 1800 N / Harrisville Rd / MP 348.23, FRW",R1,348.23, 41.290058,-112.026203,10.234.10.62:300,"I-15 SB @ 1800 N / Harrisville Rd / MP 348.23, FRW",NA,NA,NA,FALSE,FALSE,NA,NA,NA,NA,NA,NA,FALSE,NA
53,67,US-89,NB,Gentile St / 1000 N / MP 401.87,LTN,DA,20056,"US-89 NB @ Gentile St / 1000 N / MP 401.87, LTN",R1,401.87, 41.072689,-111.910775,10.232.10.38:300,"US-89 NB @ Gentile St / 1000 N / MP 401.87, LTN",NA,NA,NA,FALSE,FALSE,NA,NA,NA,NA,NA,NA,FALSE,NA
54,68,US-6,EB,Canyon Rd / SR-198 / MP 177.12,SPF,UT,10318,"US-6 EB @ Canyon Rd / SR-198 / MP 177.12, SPF",R3,177.12, 40.090756,-111.596617,10.167.5.167:300,"US-6 EB @ Canyon Rd / SR-198 / MP 177.12, SPF",NA,NA,NA,FALSE,FALSE,NA,NA,NA,NA,NA,NA,FALSE,NA
55,69,US-6,NB / WB,1000 N / MP 231.74,HLP,CC,15539,"US-6 NB/WB @ 800 N / 1000 N / MP 231.83/231.74, HLP",R4,231.74, 39.701158,-110.868344,10.157.5.207:300,"US-6 NB/WB @ 1000 N / MP 231.74, HLP",NA,NA,NA,FALSE,FALSE,NA,NA,NA,NA,NA,NA,FALSE,NA
56,71,I-80,WB,Jeremy Ranch / MP 142.93,NA,SU,6207,"I-80 WB @ Jeremy Ranch / MP 142.93, SU",R2,142.93, 40.741036,-111.559036,10.213.6.238:161,"I-80 WB @ Jeremy Ranch / MP 142.93, SU",NA,NA,NA,FALSE,FALSE,NA,NA,NA,NA,NA,NA,FALSE,NA
57,72,I-215 W,NB,1300 N / MP 24.6,SLC,SL,10254,"I-215 W NB @ 1300 N / MP 24.6, SLC",R2,24.6, 40.797958,-111.949036,10.204.5.20:300,"I-215 W NB @ 1300 N / MP 24.6, SLC",NA,NA,NA,FALSE,FALSE,NA,NA,NA,NA,NA,NA,FALSE,NA
58,73,I-15,SB,Burton Ln / MP 326.9,KAY,DA,20060,"I-15 SB @ Burton Ln / MP 326.9, KAY",R1,326.9, 41.013592,-111.939956,10.232.5.14:300,"I-15 SB @ Burton Ln / MP 326.9, KAY",NA,NA,NA,FALSE,FALSE,NA,NA,NA,NA,NA,NA,FALSE,NA
59,74,US-89,SB,Green Rd / MP 398.86,FRU,DA,15290,"US-89 SB @ Green Rd / MP 398.86, FRU",R1,398.86, 41.029681,-111.908894,10.232.7.32:300,"US-89 SB @ Green Rd / MP 398.86, FRU",NA,NA,NA,FALSE,FALSE,NA,NA,NA,NA,NA,NA,FALSE,NA
60,100236,I-15,SB,4550 N / MP 285.05,LHI,UT,5991,"I-15 SB @ 4550 N / MP 285.05, LHI",R3,285.05, 40.442720,-111.904063,10.212.25.166:161,"I-15 SB @ 4550 N / MP 285.05, LHI",Daktronics,27x105,NA,TRUE,TRUE,9/22/2016,NA,NA,NA,NA,NA,FALSE,NA
61,80,I-80,WB,3400 W / MP 116.21,SLC,SL,20010,"I-80 EB / WB @ 3400 W / MP 116.21, SLC",R2,116.21, 40.764772,-111.968372,10.206.6.217:161,"I-80 WB @ 3400 W / MP 116.21, SLC",NA,NA,NA,FALSE,FALSE,NA,NA,NA,NA,NA,NA,FALSE,NA
62,81,500 S / Cesar E Chavez Blvd / SR-269,WB,350 W to I-80 WB,SLC,SL,5874,"500 S / Cesar E Chavez Blvd / SR-269 @ 350 W, SLC",R2,1.57, 40.758506,-111.900894,10.204.5.108:161,"500 S / Cesar E Chavez Blvd / SR-269 WB @ 350 W to I-80 WB, SLC",NA,NA,NA,FALSE,FALSE,12/1/2010,NA,NA,NA,NA,NA,FALSE,NA
63,82,500 S / Cesar E Chavez Blvd / SR-269,WB,350 W to I-15 SB,SLC,SL,5874,"500 S / Cesar E Chavez Blvd / SR-269 @ 350 W, SLC",R2,1.57, 40.758464,-111.900894,10.204.5.109:161,"500 S / Cesar E Chavez Blvd / SR-269 WB @ 350 W to I-15 SB, SLC",NA,NA,NA,FALSE,FALSE,12/1/2010,NA,NA,NA,NA,NA,FALSE,NA
64,83,500 S / Cesar E Chavez Blvd / SR-269,WB,350 W to I-80 EB,SLC,SL,5874,"500 S / Cesar E Chavez Blvd / SR-269 @ 350 W, SLC",R2,1.57, 40.758422,-111.900897,10.204.5.110:161,"500 S / Cesar E Chavez Blvd / SR-269 WB @ 350 W to I-80 EB, SLC",NA,NA,NA,FALSE,FALSE,12/1/2010,NA,NA,NA,NA,NA,FALSE,NA
65,84,300 W / John Stockton Dr / US-89,SB,350 S,SLC,SL,6208,"300 W / John Stockton Dr / US-89 SB @ 350 S, SLC",R2,379.22, 40.761647,-111.899667,10.211.6.38:161,"300 W / John Stockton Dr / US-89 SB @ 350 S, SLC",NA,NA,NA,FALSE,FALSE,12/1/2010,NA,NA,NA,NA,NA,FALSE,NA
66,95,I-15,SB,12800 S / MP 290.85,DPR,SL,20064,"I-15 SB @ 12800 S / MP 290.85, DPR",R2,290.85, 40.518800,-111.891489,10.215.5.160:161,"I-15 SB @ 12800 S / MP 290.85, DPR",NA,NA,NA,FALSE,FALSE,NA,NA,NA,NA,NA,NA,FALSE,NA
67,100,I-80,EB,Lake Point / MP 100,LKP,TE,20065,"I-80 EB / WB @ Lake Point / MP 100, TE",R2,100, 40.709356,-112.249122,10.215.7.14:161,"I-80 EB @ Lake Point / MP 100, TE",NA,NA,NA,FALSE,FALSE,NA,NA,NA,NA,NA,NA,FALSE,NA
68,101,I-80,WB,Lake Point / MP 100,LKP,TE,20065,"I-80 WB @ Lake Point / MP 100, TE",R2,100, 40.709692,-112.249481,10.215.7.16:161,"I-80 WB @ Lake Point / MP 100, TE",NA,NA,NA,FALSE,FALSE,NA,NA,NA,NA,NA,NA,FALSE,NA
69,105,I-15,NB,1100 S / MP 333.54,CFD,DA,20067,"I-15 NB @ 1100 S / MP 333.54, CFD",R1,333.54, 41.097058,-111.997675,10.234.5.248:161,"I-15 NB @ 1100 S / MP 333.54, CFD",NA,NA,NA,FALSE,FALSE,NA,NA,NA,NA,NA,NA,FALSE,NA
70,110,I-15,NB,700 N / MP 314.74,NSL,DA,20068,"I-15 NB @ 700 N / MP 314.74, NSL",R1,314.74, 40.855247,-111.907303,10.203.5.44:161,"I-15 NB @ 700 N / MP 314.74, NSL",NA,NA,NA,FALSE,FALSE,NA,NA,NA,NA,NA,NA,FALSE,NA
71,115,I-15,NB,200 S / MP 356.43,WIL,BE,15259,"I-15 NB @ 200 S / MP 356.43, WIL",R1,356.43, 41.405908,-112.048583,166.154.68.91:200,"I-15 NB @ 200 S / MP 356.43, WIL",NA,NA,NA,FALSE,FALSE,NA,NA,NA,NA,NA,NA,FALSE,NA
72,120,US-89/91 / 1100 S,EB,Michelle Dr / MP 2.26,BRC,BE,20070,"US-89/91 / 1100 S @ Michelle Dr / MP 2.26, BRC",R1,2.26, 41.486347,-112.010378,10.250.7.78:161,"US-89/91 / 1100 S EB @ Michelle Dr / MP 2.26, BRC",NA,NA,NA,FALSE,FALSE,NA,NA,NA,NA,NA,NA,FALSE,NA
73,125,US-89/91,SB,950 S / MP 17.18,WVL,CA,15322,"US-89/91 @ 950 S / MP 17.18, WVL",R1,17.18, 41.618050,-111.932042,10.237.6.50,"US-89/91 SB @ 950 S / MP 17.18, WVL",Daktronics,27x105,10,TRUE,TRUE,6/17/2019,6/17/2029,NA,NA,NA,NA,FALSE,NA
74,130,I-15,SB,River Valley Dr / 3650 S / MP 341.17,RDL,WB,30195,"I-15 SB @ River Valley Dr / 3650 S / MP 341.17, RDL",R1,341.17, 41.195917,-112.000528,10.234.7.178:161,"I-15 SB @ River Valley Dr / 3650 S / MP 341.17, RDL",NA,NA,NA,FALSE,FALSE,NA,NA,NA,NA,NA,NA,FALSE,NA
75,135,I-15,NB,4000 S / MP 340.76,RDL,WB,40237,"I-15 NB @ 4000 S / MP 340.76, RDL",R1,340.76, 41.191047,-112.005194,10.234.7.166:161,"I-15 NB @ 4000 S / MP 340.76, RDL",NA,NA,NA,FALSE,FALSE,NA,NA,NA,NA,NA,NA,FALSE,NA
76,140,I-80,WB,Echo Canyon / Rest Stop / MP 170.44,NA,SU,20074,"I-80 WB @ Echo Canyon / Rest Stop / MP 170.44, SU",R2,170.44, 40.998969,-111.392900,166.241.189.4:200,"I-80 WB @ Echo Canyon / Rest Stop / MP 170.44, SU",NA,NA,NA,FALSE,FALSE,NA,NA,NA,NA,NA,NA,FALSE,NA
77,145,I-15,NB,1900 N / MP 311.16,SLC,SL,20075,"I-15 NB @ 1900 N / MP 311.16, SLC",R2,311.16, 40.807069,-111.923152,10.204.13.154:161,"I-15 NB @ 1900 N / MP 311.16, SLC",NA,NA,NA,FALSE,FALSE,NA,NA,NA,NA,NA,NA,FALSE,NA
78,150,State St / US-89,NB,9165 S,SND,SL,20076,"State St / US-89 NB @ 9165 S / MP 366.25, SND",R2,366.25, 40.585244,-111.890667,10.208.14.50:161,"State St / US-89 NB @ 9165 S / MP 366.25, SND",NA,NA,NA,FALSE,FALSE,NA,NA,NA,NA,NA,NA,FALSE,NA
79,155,State St / US-89,SB,10500 S,SND,SL,20077,"State St / US-89 SB @ 10500 S, SND",R2,364.51, 40.560122,-111.891039,10.208.14.62:161,"State St / US-89 SB @ 10500 S, SND",NA,NA,NA,FALSE,FALSE,NA,NA,NA,NA,NA,NA,FALSE,NA
80,157,10600 S,WB,80 E,SND,SL,20051,"10600 S WB @ 80 E, SND",R2,NA, 40.558983,-111.889056,10.208.14.38:161,"10600 S WB @ 80 E, SND",NA,NA,NA,FALSE,FALSE,NA,NA,NA,NA,NA,NA,FALSE,NA
81,160,State St / US-89,NB,10700 S,SND,SL,20078,"State St / US-89 NB @ 10700 S, SND",R2,364.27, 40.556603,-111.890608,10.208.14.74:161,"State St / US-89 NB @ 10700 S, SND",NA,NA,NA,FALSE,FALSE,NA,NA,NA,NA,NA,NA,FALSE,NA
82,170,Little Cottonwood Rd / 3335 E / SR-209,EB,Old Wasatch Blvd / 9710 S,GNT,SL,15391,"Little Cottonwood Rd / 3335 E / SR-209 EB @ Old Wasatch Blvd / 9710 S, SL",R2,13.24, 40.574339,-111.799767,10.201.12.178:161,"Little Cottonwood Rd / 3335 E / SR-209 EB @ Old Wasatch Blvd / 9710 S, SL",NA,NA,NA,FALSE,FALSE,NA,NA,NA,NA,NA,NA,FALSE,NA
83,175,Charleston Rd / 3600 W / SR-113,SB,US-189,CHR,WA,15434,"Charleston Rd / 3600 W / SR-113 SB @ US-189, CHR",R3,0.12, 40.457578,-111.471797,10.157.6.78:161,"Charleston Rd / 3600 W / SR-113 SB @ US-189, CHR",NA,NA,NA,FALSE,FALSE,NA,NA,NA,NA,NA,NA,FALSE,NA
84,180,US-189,SB,Milepost 25.34,CHR,WA,15435,"US-189 SB @ Milepost 25.34, CHR",R3,25.34, 40.460578,-111.465672,10.157.6.14:161,"US-189 SB @ Milepost 25.34, CHR",NA,NA,NA,FALSE,FALSE,NA,NA,NA,NA,NA,NA,FALSE,NA
85,185,300 W / John Stockton Dr / US-89,NB,50 N,SLC,SL,20082,"300 W / John Stockton Dr / US-89 NB @ 50 N, SLC",R2,379.8, 40.770172,-111.899656,10.204.10.62:161,"300 W / John Stockton Dr / US-89 NB @ 50 N, SLC",NA,NA,NA,FALSE,FALSE,NA,NA,NA,NA,NA,NA,FALSE,NA
86,190,400 S / University Blvd / US-89,WB,250 W,SLC,SL,20083,"400 S / University Blvd / US-89 WB @ 250 W, SLC",R2,379.05, 40.760766,-111.897810,10.211.5.154:161,"400 S / University Blvd / US-89 WB @ 250 W, SLC",NA,NA,NA,FALSE,FALSE,NA,NA,NA,NA,NA,NA,FALSE,NA
87,195,500 S / Cesar E Chavez Blvd / SR-269,WB,250 W,SLC,SL,20084,"500 S / Cesar E Chavez Blvd / SR-269 WB @ 250 W, SLC",R2,1.38, 40.758603,-111.897366,10.211.5.178:161,"500 S / Cesar E Chavez Blvd / SR-269 WB @ 250 W, SLC",NA,NA,NA,FALSE,FALSE,NA,NA,NA,NA,NA,NA,FALSE,NA
88,197,University Ave / US-189,NB,5800 N,PVO,UT,20085,"University Ave / US-189 NB @ 5800 N, PVO",R3,7.21, 40.309925,-111.655386,10.166.9.142:161,"University Ave / US-189 NB @ 5800 N, PVO",NA,NA,NA,FALSE,FALSE,NA,NA,NA,NA,NA,NA,FALSE,NA
89,198,800 N / SR-52,EB,1500 E,ORM,UT,20086,"800 N / SR-52 EB @ 1500 E, ORM",R3,3.89, 40.311944,-111.661053,10.166.10.14:161,"800 N / SR-52 EB @ 1500 E, ORM",NA,NA,NA,FALSE,FALSE,NA,NA,NA,NA,NA,NA,FALSE,NA
90,199,I-15,NB,600 S / MP 255,SPF,UT,15131,"I-15 NB @ 600 S / MP 255, SPF",R3,255.06, 40.103122,-111.683700,10.157.7.14:161,"I-15 NB @ 600 S / MP 255, SPF",NA,NA,NA,FALSE,FALSE,NA,NA,NA,NA,NA,NA,FALSE,NA
91,201,Legacy Pkwy / SR-67,NB,100 S / MP 0.88,NSL,DA,20088,"Legacy Pkwy / SR-67 NB @ 100 S / MP 0.88, NSL",R1,0.88, 40.839172,-111.941611,10.203.8.14:161,"Legacy Pkwy / SR-67 NB @ 100 S / MP 0.88, NSL",NA,NA,NA,FALSE,FALSE,NA,NA,NA,NA,NA,NA,FALSE,NA
92,202,Redwood Rd / SR-68,NB,500 S / SR-68,WXS,DA,20089,"Redwood Rd / SR-68 NB @ 500 S / SR-68, WXS",R1,67.2, 40.882814,-111.929778,10.203.8.154:502,"Redwood Rd / SR-68 NB @ 500 S / SR-68, WXS",NA,NA,NA,FALSE,FALSE,NA,NA,NA,NA,NA,NA,FALSE,NA
93,203,500 S / SR-68,WB,Redwood Rd / SR-68,WXS,DA,31097,"500 S / SR-68 WB @ Redwood Rd / SR-68, WXS",R1,67.25, 40.884178,-111.929683,10.203.10.142:502,"500 S / SR-68 WB @ Redwood Rd / SR-68, WXS",NA,NA,NA,FALSE,FALSE,NA,NA,NA,NA,NA,NA,FALSE,NA
94,204,Legacy Pkwy / SR-67,NB,1100 N / MP 5.36,WBN,DA,20091,"Legacy Pkwy / SR-67 NB @ 1100 N / MP 5.36, WBN",R1,5.36, 40.900383,-111.925833,10.203.8.191:161,"Legacy Pkwy / SR-67 NB @ 1100 N / MP 5.36, WBN",NA,NA,NA,FALSE,FALSE,NA,NA,NA,NA,NA,NA,FALSE,NA
95,205,Legacy Pkwy / SR-67,SB,Pages Ln / MP 5.93,WBN,DA,20092,"Legacy Pkwy / SR-67 SB @ Pages Ln / MP 5.93, WBN",R1,5.93, 40.906103,-111.918442,10.203.9.14:161,"Legacy Pkwy / SR-67 SB @ Pages Ln / MP 5.93, WBN",NA,NA,NA,FALSE,FALSE,NA,NA,NA,NA,NA,NA,FALSE,NA
96,206,1250 W,NB,Parrish Ln / 400 N / SR-105,CVL,DA,20093,"1250 W NB @ Parrish Ln / 400 N / SR-105, CVL",R1,NA, 40.920828,-111.896781,10.203.9.154:502,"1250 W NB @ Parrish Ln / 400 N / SR-105, CVL",NA,NA,NA,FALSE,FALSE,NA,NA,NA,NA,NA,NA,FALSE,NA
97,207,1250 W,SB,Parrish Ln / 400 N / SR-105,CVL,DA,20094,"1250 W SB @ Parrish Ln / 400 N / SR-105, CVL",R1,NA, 40.922286,-111.897017,10.203.9.155:502,"1250 W SB @ Parrish Ln / 400 N / SR-105, CVL",NA,NA,NA,FALSE,FALSE,NA,NA,NA,NA,NA,NA,FALSE,NA
98,208,Parrish Ln / 400 N / SR-105,WB,1250 W,CVL,DA,20095,"Parrish Ln / 400 N / SR-105 WB @ 1250 W, CVL",R1,0.2, 40.921656,-111.896642,10.203.9.156:502,"Parrish Ln / 400 N / SR-105 WB @ 1250 W, CVL",NA,NA,NA,FALSE,FALSE,NA,NA,NA,NA,NA,NA,FALSE,NA
99,209,Legacy Pkwy / SR-67,NB,1550 S / MP 9.86,FRM,DA,15277,"Legacy Pkwy / SR-67 NB @ 1550 S / MP 9.8, FRM",R1,9.86, 40.955614,-111.892417,10.203.10.14:161,"Legacy Pkwy / SR-67 NB @ 1550 S / MP 9.8, FRM",NA,NA,NA,FALSE,FALSE,NA,NA,NA,NA,NA,NA,FALSE,NA
100,210,Legacy Pkwy / SR-67,SB,250 S / MP 11.31,FRM,DA,20097,"Legacy Pkwy / SR-67 SB @ 250 S / MP 11.31, FRM",R1,11.31, 40.976153,-111.897500,10.203.10.38:161,"Legacy Pkwy / SR-67 SB @ 250 S / MP 11.31, FRM",NA,NA,NA,FALSE,FALSE,NA,NA,NA,NA,NA,NA,FALSE,NA
101,211,Park Ln / SR-225,EB,I-15,FRM,DA,20098,"Park Ln / SR-225 EB @ I-15, FRM",R1,0.47, 40.988106,-111.907044,10.232.6.26:502,"Park Ln / SR-225 EB @ I-15, FRM",NA,NA,NA,FALSE,FALSE,NA,NA,NA,NA,NA,NA,FALSE,NA
102,212,I-15,SB,Park Ln / SR-225 / Legacy Pkwy / SR-67 Connector / MP 324.52,FRM,DA,20099,"I-15 SB @ Park Ln / SR-225 / Legacy Pkwy / SR-67 Connector / MP 324.52, FRM",R1,324.52, 40.989847,-111.907153,10.232.6.78:502,"I-15 SB @ Park Ln / SR-225 / Legacy Pkwy / SR-67 Connector / MP 324.52, FRM",NA,NA,NA,FALSE,FALSE,NA,NA,NA,NA,NA,NA,FALSE,NA
103,213,US-89,SB,Shepard Ln Off Ramp / MP 397.12,FRM,DA,20100,"US-89 SB @ Shepard Ln Off Ramp / MP 397.12, FRM",R1,397.12,41.004510,-111.909926,10.232.6.206:502,"US-89 SB @ Shepard Ln Off Ramp / MP 397.12, FRM",NA,NA,NA,FALSE,FALSE,NA,NA,NA,NA,NA,NA,FALSE,NA
104,214,US-89,SB,1000 N / MP 396.55,FRM,DA,20101,"US-89 SB @ 1000 N / MP 396.55, FRM",R1,396.55, 40.996847,-111.905944,10.232.6.236:502,"US-89 SB @ 1000 N / MP 396.55, FRM",NA,NA,NA,FALSE,FALSE,NA,NA,NA,NA,NA,NA,FALSE,NA
105,215,US-89,SB,Main St / SR-106 / SR-273 / MP 397.58,FRM,DA,5206,"US-89 SB @ Main St / SR-106 / SR-273 / MP 397.58, FRM",R1,397.58, 41.011806,-111.912189,10.232.7.14:502,"US-89 SB @ Main St / SR-106 / SR-273 / MP 397.58, FRM",NA,NA,NA,FALSE,FALSE,NA,NA,NA,NA,NA,NA,FALSE,NA
106,216,Park Ln / SR-225,WB,I-15 / US-89,FRM,DA,20103,"Park Ln / SR-225 WB @ I-15 / US-89, FRM",R1,0.71, 40.990931,-111.904225,10.232.7.142:502,"Park Ln / SR-225 WB @ I-15 / US-89, FRM",NA,NA,NA,FALSE,FALSE,NA,NA,NA,NA,NA,NA,FALSE,NA
107,217,US-89,SB,Park Ln / SR-225 / Legacy Pkwy / SR-67 Connector / MP 396.23,FRM,DA,20104,"US-89 SB @ Park Ln / SR-225 / Legacy Pkwy / SR-67 Connector / MP 396.23, FRM",R1,396.23, 40.991811,-111.903367,10.232.7.154:502,"US-89 SB @ Park Ln / SR-225 / Legacy Pkwy / SR-67 Connector / MP 396.23, FRM",NA,NA,NA,FALSE,FALSE,NA,NA,NA,NA,NA,NA,FALSE,NA
108,218,I-15,SB,Burke Ln / 700 N / MP 324.79,FRM,DA,20105,"I-15 SB @ Burke Ln / 700 N / MP 324.79, FRM",R1,324.79, 40.992144,-111.911311,10.232.8.14:502,"I-15 SB @ Burke Ln / 700 N / MP 324.79, FRM",NA,NA,NA,FALSE,FALSE,NA,NA,NA,NA,NA,NA,FALSE,NA
109,219,I-15,SB,900 N / MP 325.07,FRM,DA,20106,"I-15 SB @ 900 N / MP 325.07, FRM",R1,325.07, 40.994625,-111.915350,10.232.8.26:502,"I-15 SB @ 900 N / MP 325.07, FRM",NA,NA,NA,FALSE,FALSE,NA,NA,NA,NA,NA,NA,FALSE,NA
110,220,I-15,SB,Shepard Ln / 1200 N / MP 325.66,FRM,DA,20107,"I-15 SB @ Shepard Ln / 1200 N / MP 325.66, FRM",R1,325.66, 41.000292,-111.923878,10.232.8.50:502,"I-15 SB @ Shepard Ln / 1200 N / MP 325.66, FRM",NA,NA,NA,FALSE,FALSE,NA,NA,NA,NA,NA,NA,FALSE,NA
111,221,I-15,SB,1900 S / MP 326.08,KAY,DA,20108,"I-15 SB @ 1900 S / MP 326.08, KAY",R1,326.08, 41.004142,-111.930003,10.232.8.74:502,"I-15 SB @ 1900 S / MP 326.08, KAY",NA,NA,NA,FALSE,FALSE,NA,NA,NA,NA,NA,NA,FALSE,NA
112,222,I-215 W,NB,2100 N / MP 25.63,SLC,SL,20109,"I-215 W NB @ 2100 N / MP 25.63, SLC",R2,25.63, 40.812575,-111.948939,10.206.5.102:502,"I-215 W NB @ 2100 N / MP 25.63, SLC",NA,NA,NA,FALSE,FALSE,NA,NA,NA,NA,NA,NA,FALSE,NA
113,223,I-215 W,NB,1700 N / MP 25.12,SLC,SL,20110,"I-215 W NB @ 1700 N / MP 25.12, SLC",R2,25.12, 40.805394,-111.949086,10.204.5.26:502,"I-215 W NB @ 1700 N / MP 25.12, SLC",NA,NA,NA,FALSE,FALSE,NA,NA,NA,NA,NA,NA,FALSE,NA
114,224,I-215 W,NB,2300 N / 2100 N On Ramp / MP 25.9,SLC,SL,20111,"I-215 W NB @ 2300 N / 2100 N On Ramp / MP 25.9, SLC",R2,25.9, 40.816553,-111.948872,10.206.5.96:502,"I-215 W NB @ 2300 N / 2100 N On Ramp / MP 25.9, SLC",NA,NA,NA,FALSE,FALSE,NA,NA,NA,NA,NA,NA,FALSE,NA
115,225,I-215 W,NB,2400 N / MP 26.13,SLC,SL,20112,"I-215 W NB @ 2400 N / MP 26.13, SLC",R2,26.13, 40.819814,-111.949031,10.204.5.38:502,"I-215 W NB @ 2400 N / MP 26.13, SLC",NA,NA,NA,FALSE,FALSE,NA,NA,NA,NA,NA,NA,FALSE,NA
116,226,I-215 W,NB,2600 N / MP 26.58,SLC,SL,20113,"I-215 W NB @ 2600 N / MP 26.58, SLC",R2,26.58, 40.826219,-111.947458,10.204.5.33:502,"I-215 W NB @ 2600 N / MP 26.58, SLC",NA,NA,NA,FALSE,FALSE,NA,NA,NA,NA,NA,NA,FALSE,NA
117,227,I-215 W,SB,2600 N / MP 26.61,SLC,SL,20114,"I-215 W SB @ 2600 N / MP 26.61, SLC",R2,26.61, 40.826678,-111.947964,10.204.5.44:161,"I-215 W SB @ 2600 N / MP 26.61, SLC",NA,NA,NA,FALSE,FALSE,NA,NA,NA,NA,NA,NA,FALSE,NA
118,300,I-15,NB,Milepost 0.28,STG,WN,20115,"I-15 NB @ Milepost 0.28, STG",R4,0.28, 37.003542,-113.620306,10.133.8.86:161,"I-15 NB @ Milepost 0.28, STG",NA,NA,NA,FALSE,FALSE,NA,NA,NA,NA,NA,NA,FALSE,NA
119,305,I-15,NB,Milepost 14.02,WAS,WN,15684,"I-15 NB @ Milepost 14.02, WAS",R4,14.06, 37.154232,-113.479009,10.133.11.142:161,"I-15 NB @ Milepost 14.02, WAS",NA,NA,NA,FALSE,FALSE,NA,NA,NA,NA,NA,NA,FALSE,NA
120,387,Region 2 / Portable,NA,Wanco # 387,NA,NA,5854,Region 2 / Portable Wanco # 387,R2,NA,NA,NA,801-419-5288,Region 2 / Portable Wanco # 387,NA,NA,NA,FALSE,FALSE,NA,NA,NA,NA,NA,NA,FALSE,NA
121,550,I-15,NB,I-70 / Cove Fort / MP 130.15,NA,BV,16000,"I-15 NB @ I-70 / Cove Fort / MP 130.15, BV",R4,130.2, 38.548550,-112.607478,10.131.5.178:161,"I-15 NB @ I-70 / Cove Fort / MP 130.15, BV",NA,NA,NA,FALSE,FALSE,11/1/2010,NA,NA,NA,NA,NA,FALSE,NA
122,555,I-15,SB,I-70 / Cove Fort / MP 135.25,NA,MD,15999,"I-15 SB @ I-70 / Cove Fort / MP 135.3, MD",R4,135.22, 38.606281,-112.609439,10.131.5.154:161,"I-15 SB @ I-70 / Cove Fort / MP 135.25, MD",NA,NA,NA,FALSE,FALSE,11/1/2010,NA,NA,NA,NA,NA,FALSE,NA
123,560,I-70,WB,I-15 / Cove Fort / MP 2.4,NA,MD,5855,"I-70 WB @ I-15 / Cove Fort / MP 2.4, MD",R4,2.3, 38.594562,-112.570340,10.131.5.190:161,"I-70 WB @ I-15 / Cove Fort / MP 2.4, MD",NA,NA,NA,FALSE,FALSE,11/1/2010,NA,NA,NA,NA,NA,FALSE,NA
125,600,500 W / US-89,NB,100 S,PVO,UT,6265,"500 W / US-89 NB @ 100 S, PVO",R3,334.77, 40.232478,-111.667283,10.166.6.236:200,"500 W / US-89 NB @ 100 S, PVO",NA,NA,NA,FALSE,FALSE,11/1/2010,NA,NA,NA,NA,NA,FALSE,NA
126,601,University Pkwy / SR-265,WB,State St / US-89,ORM,UT,6266,"University Pkwy / SR-265 WB @ State St / US-89, ORM",R3,2.4, 40.273564,-111.682285,10.164.7.74:200,"University Pkwy / SR-265 WB @ State St / US-89, ORM",NA,NA,NA,FALSE,FALSE,11/1/2010,NA,NA,NA,NA,NA,FALSE,NA
127,602,State St / US-89,NB,University Pkwy / SR-265,ORM,UT,6267,"State St / US-89 NB @ University Pkwy / SR-265, ORM",R3,337.72, 40.271228,-111.683348,10.164.7.62:200,"State St / US-89 NB @ University Pkwy / SR-265, ORM",NA,NA,NA,FALSE,FALSE,11/1/2010,NA,NA,NA,NA,NA,FALSE,NA
128,603,Center St,WB,State St / US-89,ORM,UT,6268,"Center St WB @ State St / US-89, ORM",R3,NA, 40.297233,-111.692114,10.164.7.38:200,"Center St WB @ State St / US-89, ORM",NA,NA,NA,FALSE,FALSE,11/1/2010,NA,NA,NA,NA,NA,FALSE,NA
129,604,State St / US-89,NB,Center St,ORM,UT,6269,"State St / US-89 NB @ Center St, ORM",R3,339.46, 40.294999,-111.693826,10.164.7.26:200,"State St / US-89 NB @ Center St, ORM",NA,NA,NA,FALSE,FALSE,11/1/2010,NA,NA,NA,NA,NA,FALSE,NA
130,605,800 N / SR-52,WB,State St / US-89,ORM,UT,6270,"800 N / SR-52 WB @ State St / US-89, ORM",R3,2.02, 40.312086,-111.696404,10.163.5.86:200,"800 N / SR-52 WB @ State St / US-89, ORM",NA,NA,NA,FALSE,FALSE,11/1/2010,NA,NA,NA,NA,NA,FALSE,NA
131,606,State St / US-89,NB,800 N / SR-52,ORM,UT,6271,"State St / US-89 NB @ 800 N / SR-52, ORM",R3,340.52, 40.309444,-111.700151,10.163.5.74:200,"State St / US-89 NB @ 800 N / SR-52, ORM",NA,NA,NA,FALSE,FALSE,11/1/2010,NA,NA,NA,NA,NA,FALSE,NA
132,607,1600 N,WB,State St / US-89,ORM,UT,6272,"1600 N WB @ State St / US-89, ORM",R3,NA, 40.326620,-111.705850,10.163.8.190:200,"1600 N WB @ State St / US-89, ORM",NA,NA,NA,FALSE,FALSE,11/1/2010,NA,NA,NA,NA,NA,FALSE,NA
133,608,State St / US-89,NB,1600 N,ORM,UT,6273,"State St / US-89 NB @ 1600 N, ORM",R3,341.6, 40.323852,-111.706492,10.163.8.178:200,"State St / US-89 NB @ 1600 N, ORM",NA,NA,NA,FALSE,FALSE,11/1/2010,NA,NA,NA,NA,NA,FALSE,NA
134,609,Pleasant Grove Blvd,WB,2000 W,PLG,UT,6274,"Pleasant Grove Blvd WB @ 2000 W, PLG",R3,NA, 40.353080,-111.765392,10.162.6.202:200,"Pleasant Grove Blvd WB @ 2000 W, PLG",NA,NA,NA,FALSE,FALSE,3/1/2011,NA,NA,NA,NA,NA,FALSE,NA
135,610,"1600 N, ORM / 600 S, LDN",WB,"1250 W, ORM / 450 W, LDN",LDN,UT,5872,"1600 N, ORM / 600 S, LDN WB @ 1250 W, ORM / 450 W, LDN",R3,NA, 40.326454,-111.725838,10.163.6.98:200,"1600 N, ORM / 600 S, LDN WB @ 1250 W, ORM / 450 W, LDN",NA,NA,NA,FALSE,FALSE,3/1/2011,NA,NA,NA,NA,NA,FALSE,NA
136,611,800 N / SR-52,WB,900 W,ORM,UT,6300,"800 N / SR-52 WB @ 900 W, ORM",R3,0.9, 40.312154,-111.717666,10.163.7.8:200,"800 N / SR-52 WB @ 900 W, ORM",NA,NA,NA,FALSE,FALSE,3/1/2011,NA,NA,NA,NA,NA,FALSE,NA
137,612,Center St,WB,900 W,ORM,UT,6275,"Center St WB @ 900 W, ORM",R3,NA, 40.297251,-111.716711,10.163.5.238:200,"Center St WB @ 900 W, ORM",NA,NA,NA,FALSE,FALSE,3/1/2011,NA,NA,NA,NA,NA,FALSE,NA
138,613,University Pkwy / SR-265,WB,450 W,ORM,UT,5873,"University Pkwy / SR-265 WB @ 450 W, ORM",R3,1.13, 40.273740,-111.706248,10.164.5.122:200,"University Pkwy / SR-265 WB @ 450 W, ORM",NA,NA,NA,FALSE,FALSE,3/1/2011,NA,NA,NA,NA,NA,FALSE,NA
139,614,Center St / SR-114,WB,600 W,PVO,UT,5858,"Center St / SR-114 WB @ 600 W, PVO",R3,0.1, 40.233879,-111.669421,10.166.6.242:200,"Center St / SR-114 WB @ 600 W, PVO",NA,NA,NA,FALSE,FALSE,3/1/2011,NA,NA,NA,NA,NA,FALSE,NA
140,625,Pioneer Crossing / SR-145,EB,700 E,LHI,UT,30585,"Pioneer Crossing / SR-145 EB @ 700 E, LHI",R3,4.32, 40.374925,-111.837183,10.168.5.190:161,"Pioneer Crossing / SR-145 EB @ 700 E, LHI",NA,NA,NA,FALSE,FALSE,12/1/2010,NA,NA,NA,NA,NA,FALSE,NA
141,100012,Big Cottonwood Canyon Rd / SR-190,EB,Mouth of Big Cottonwood Canyon,CWH,SL,20129,"Big Cottonwood Canyon Rd / SR-190 EB @ Mouth of Big Cottonwood Canyon, CWH",R2,2.01, 40.619197,-111.786097,10.201.11.166:161,"Big Cottonwood Canyon Rd / SR-190 EB @ Mouth of Big Cottonwood Canyon, CWH",NA,NA,NA,FALSE,FALSE,NA,NA,NA,NA,NA,NA,FALSE,NA
142,100013,Little Cottonwood Canyon Rd / SR-210,EB,Little Cottonwood Rd / SR-209,NA,SL,15390,"Little Cottonwood Canyon Rd / SR-210 EB @ Little Cottonwood Rd / SR-209, SL",R2,3.87, 40.572386,-111.776203,10.201.12.142:161,"Little Cottonwood Canyon Rd / SR-210 EB @ Little Cottonwood Rd / SR-209, SL",NA,NA,NA,FALSE,FALSE,NA,NA,NA,NA,NA,NA,FALSE,NA
143,100025,6200 S / Big Cottonwood Rd / SR-190,EB,3150 E / Big Cottonwood,HDY,SL,20131,"6200 S / Big Cottonwood Rd / SR-190 @ 3150 E / Big and Little Cottonwood, HDY",R2,0.41, 40.635267,-111.803378,10.201.11.27:161,"6200 S / Big Cottonwood Rd / SR-190 EB @ 3150 E / Big Cottonwood, HDY",NA,NA,NA,FALSE,FALSE,NA,NA,NA,NA,NA,NA,FALSE,NA
144,100026,6200 S / Big Cottonwood Rd / SR-190,EB,3150 E / Little Cottonwood,HDY,SL,20131,"6200 S / Big Cottonwood Rd / SR-190 @ 3150 E / Big and Little Cottonwood, HDY",R2,0.41, 40.635267,-111.803378,10.201.11.26:161,"6200 S / Big Cottonwood Rd / SR-190 EB @ 3150 E / Little Cottonwood, HDY",NA,NA,NA,FALSE,FALSE,NA,NA,NA,NA,NA,NA,FALSE,NA
145,100027,I-80,EB,Wendover / UT MP -1.4 / NV MP 409.25,WEN,NA,20133,"I-80 EB @ Wendover / UT MP -1.4 / NV MP 409.25, WEN",R2,1.37, 40.742808,-114.068364,166.241.189.2:200,"I-80 EB @ Wendover / UT MP -1.4 / NV MP 409.25, WEN",NA,NA,NA,FALSE,FALSE,NA,NA,NA,NA,NA,NA,FALSE,NA
146,100201,TOC / Portable,NA,Wanco # 47,NA,NA,5847,TOC / Portable Wanco # 47,TOC,NA,NA,NA,10.252.7.14:5102,TOC / Portable Wanco # 47,Wanco,Adaptive,NA,FALSE,FALSE,9/1/2015,NA,NA,NA,NA,NA,FALSE,NA
147,100109,TOC / Portable,NA,Wanco # 48,NA,NA,5848,TOC / Portable Wanco # 48,TOC,NA,NA,NA,166.241.179.176:5000,TOC / Portable Wanco # 48,NA,NA,NA,FALSE,FALSE,NA,NA,NA,NA,NA,NA,FALSE,NA
148,100110,TOC / Portable,NA,Wanco # 49,NA,NA,5849,TOC / Portable Wanco # 49,TOC,NA,NA,NA,166.241.179.179:5000,TOC / Portable Wanco # 49,NA,NA,NA,FALSE,FALSE,NA,NA,NA,NA,NA,NA,FALSE,NA
149,100111,TOC / Portable,NA,Wanco # 431,NA,NA,5850,TOC / Portable Wanco # 431,TOC,NA,NA,NA,166.241.179.178:5000,TOC / Portable Wanco # 431,NA,NA,NA,FALSE,FALSE,NA,NA,NA,NA,NA,NA,FALSE,NA
150,100112,TOC / Portable,NA,Wanco # 46,NA,NA,5851,TOC / Portable Wanco # 46,TOC,NA,NA,NA,166.241.179.175:5000,TOC / Portable Wanco # 46,NA,NA,NA,FALSE,FALSE,NA,NA,NA,NA,NA,NA,FALSE,NA
151,100128,Region 3 / Portable,NA,Wanco / Provo Canyon,NA,NA,6276,Region 3 / Portable Wanco / Provo Canyon,R3,NA,NA,NA,166.140.53.79:8888,Region 3 / Portable Wanco / Provo Canyon,NA,NA,NA,FALSE,FALSE,NA,NA,NA,NA,NA,NA,FALSE,NA
152,100131,Provo Canyon Rd / US-189,WB,Mouth of Provo Canyon,PVO,UT,16015,"Provo Canyon Rd / US-189 WB @ Mouth of Provo Canyon, PVO",R3,7.61, 40.315189,-111.653752,10.166.9.226:161,"Provo Canyon Rd / US-189 WB @ Mouth of Provo Canyon, PVO",NA,NA,NA,FALSE,FALSE,2/1/2012,NA,NA,NA,NA,NA,FALSE,NA
153,100133,I-15,SB,100 E / 950 N / MP 280.86,LHI,UT,6090,"I-15 SB @ 100 E / 950 N / MP 280.86, LHI",R3,280.86, 40.399600,-111.847767,10.212.12.38:161,"I-15 SB @ 100 E / 950 N / MP 280.86, LHI",NA,NA,NA,FALSE,FALSE,6/1/2012,NA,NA,NA,NA,NA,FALSE,NA
154,100134,Bangerter Hwy / SR-154,NB,2400 S,WVC,SL,6277,"Bangerter Hwy / SR-154 NB @ 2400 S, WVC",R2,20.62, 40.719872,-111.985970,10.206.6.56:161,"Bangerter Hwy / SR-154 NB @ 2400 S, WVC",NA,NA,NA,FALSE,FALSE,7/1/2012,NA,NA,NA,NA,NA,FALSE,NA
155,100135,I-15,SB,200 N / 1700 W / MP 274.52,LDN,UT,16130,"I-15 SB @ 200 N / 1700 W / MP 274.52, LDN",R3,274.52, 40.341636,-111.756840,10.162.12.38:161,"I-15 SB @ 200 N / 1700 W / MP 274.52, LDN",NA,NA,NA,FALSE,FALSE,8/1/2012,NA,NA,NA,NA,NA,FALSE,NA
156,100136,I-15,NB,400 N / 2000 W / 274.77,LDN,UT,6129,"I-15 NB @ 400 N / 2000 W / MP 274.77, LDN",R3,274.77, 40.344478,-111.759993,10.162.12.50:161,"I-15 NB @ 400 N / 2000 W / MP 274.77, LDN",NA,NA,NA,FALSE,FALSE,8/1/2012,NA,NA,NA,NA,NA,FALSE,NA
157,100137,SR-201,WB,3600 W / MP 13.26,SLC,SL,31585,"SR-201 WB @ 3600 W / MP 13.26, SLC",R2,13.26, 40.726216,-111.977177,10.206.6.50:161,"SR-201 WB @ 3600 W / MP 13.26, SLC",NA,NA,NA,FALSE,FALSE,9/1/2012,NA,NA,NA,NA,NA,FALSE,NA
158,100138,SR-201,WB,4800 W / MP 11.78,SLC,SL,16134,"SR-201 WB @ 4800 W / MP 11.78, SLC",R2,11.78, 40.725948,-112.005614,10.206.8.86:161,"SR-201 WB @ 4800 W / MP 11.78, SLC",NA,NA,NA,FALSE,FALSE,9/1/2012,NA,NA,NA,NA,NA,FALSE,NA
160,100139,I-15,NB,Cedar City / 2700 S / MP 54.15,NA,RN,6173,"I-15 NB @ Cedar City / 2700 S / MP 54.1, RN",R4,54.15, 37.628496,-113.120157,166.241.179.174:161,"I-15 NB @ Cedar City / 2700 S / MP 54.15, RN",NA,NA,NA,FALSE,FALSE,11/1/2012,NA,NA,NA,NA,NA,FALSE,NA
161,100140,I-15,NB,Fillmore / MP 161.45,FIL,MD,6176,"I-15 NB @ Fillmore / MP 161.43, MD",R3,161.45, 38.926891,-112.371122,166.154.68.99:200,"I-15 NB @ Fillmore / MP 161.43, MD",NA,NA,NA,FALSE,FALSE,11/1/2012,NA,NA,NA,NA,NA,FALSE,NA
162,100141,I-15,SB,Scipio / MP 190.66,SCP,MD,6175,"I-15 SB @ Scipio / MP 190.66, MD",R4,190.66, 39.279348,-112.093967,166.154.68.100:200,"I-15 SB @ Scipio / MP 190.66, MD",NA,NA,NA,FALSE,FALSE,11/1/2012,NA,NA,NA,NA,NA,FALSE,NA
163,100142,I-15,SB,Toquerville / MP 29.4,TOQ,WN,6172,"I-15 SB @ Toquerville / MP 29.45, WN",R4,29.4, 37.309336,-113.297099,10.132.7.166:161,"I-15 SB @ Toquerville / MP 29.45, WN",NA,NA,NA,FALSE,FALSE,11/1/2012,NA,NA,NA,NA,NA,FALSE,NA
164,100143,I-15,SB,Beaver / MP 113.26,BVR,BV,6177,"I-15 SB @ Beaver / MP 113.3, BV",R4,113.26, 38.314523,-112.654397,10.158.5.26:161,"I-15 SB @ Beaver / MP 113.3, BV",NA,NA,NA,FALSE,FALSE,11/1/2012,NA,NA,NA,NA,NA,FALSE,NA
165,100145,I-15,NB,1600 N / MP 267.37,PVO,UT,6178,"I-15 NB @ 1600 N / MP 267.37, PVO",R3,267.37, 40.255658,-111.699345,10.162.12.166:161,"I-15 NB @ 1600 N / MP 267.37, PVO",NA,NA,NA,FALSE,FALSE,11/1/2012,NA,NA,NA,NA,NA,FALSE,NA
166,100148,Timpanogos Hwy / 3500 N / SR-92,WB,1800 W / MP 0.86,LHI,UT,6264,"Timpanogos Hwy / 3500 N / SR-92 WB @ 1800 W / MP 0.86, LHI",R3,0.86,40.431861,-111.878594,10.212.20.154:161,"Timpanogos Hwy / 3500 N / SR-92 WB @ 1800 W / MP 0.86, LHI",Daktronics,27x105,10,TRUE,TRUE,2/22/2021,2/22/2031,NA,NA,NA,NA,FALSE,NA
167,100149,12th St / Ogden Canyon Rd / SR-39,EB,Harrison Blvd / MP 8,OGD,WB,6338,"12th St / Ogden Canyon Rd / SR-39 EB @ Harrison Blvd / MP 8, OGD",R1,8, 41.240047°,-111.940334°,10.235.11.38:8888,"12th St / Ogden Canyon Rd / SR-39 EB @ Harrison Blvd / MP 8, OGD",NA,NA,NA,FALSE,FALSE,7/1/2013,NA,NA,NA,NA,NA,FALSE,NA
168,100153,US-40,NB,2050 S / MP 18.81,HBR,WA,6339,"US-40 @ 2050 S / MP 18.81, HBR",R3,18.81, 40.482900,-111.402958,10.171.5.74,"US-40 NB @ 2050 S / MP 18.81, HBR",Daktronics,27x105,10,TRUE,TRUE,7/21/2020,7/21/2030,NA,NA,NA,NA,FALSE,NA
169,100151,US-40,NB,Moulton Ln / MP 13.67,NA,WA,6340,"US-40 NB @ Moulton Ln / MP 13.67, WA",R3,13.67, 40.552006°,-111.422308°,10.213.8.190:161,"US-40 NB @ Moulton Ln / MP 13.67, WA",NA,NA,NA,FALSE,FALSE,7/1/2013,NA,NA,NA,NA,NA,FALSE,NA
170,100158,I-80,EB,Milepost 128.03,NA,SL,16424,"I-80 EB @ Milepost 128.03, SL",R2,128.03, 40.711758°,-111.800708°,10.202.7.176:2104,"I-80 EB @ Milepost 128.03, SL",NA,NA,NA,FALSE,FALSE,NA,NA,NA,NA,NA,NA,FALSE,NA
171,100159,I-80,EB,Milepost 128.93,NA,SL,6425,"I-80 EB @ Milepost 128.93, SL",R2,128.93, 40.714580°,-111.785024°,10.202.21.140:2104,"I-80 EB @ Milepost 128.93, SL",NA,NA,NA,FALSE,FALSE,NA,NA,NA,NA,NA,NA,FALSE,NA
172,100160,I-80,WB,Milepost 129.48,NA,SL,6426,"I-80 WB @ Milepost 129.48, SL",R2,129.48, 40.720406°,-111.778792°,10.202.18.24:2104,"I-80 WB @ Milepost 129.48, SL",NA,NA,NA,FALSE,FALSE,NA,NA,NA,NA,NA,NA,FALSE,NA
173,100161,I-80,EB,Milepost 130.7,NA,SL,6427,"I-80 EB @ Milepost 130.7, SL",R2,130.7, 40.730228°,-111.760119°,10.202.21.152:2104,"I-80 EB @ Milepost 130.7, SL",NA,NA,NA,FALSE,FALSE,NA,NA,NA,NA,NA,NA,FALSE,NA
174,100162,I-80,WB,Milepost 131.07,NA,SL,6428,"I-80 WB @ Milepost 131.07, SL",R2,131.07, 40.732775°,-111.753900°,10.202.9.36:2104,"I-80 WB @ Milepost 131.07, SL",NA,NA,NA,FALSE,FALSE,NA,NA,NA,NA,NA,NA,FALSE,NA
175,100163,I-80,EB,Milepost 132.33,NA,SL,6429,"I-80 EB @ Milepost 132.33, SL",R2,132.33, 40.742183°,-111.735956°,10.202.9.72:2104,"I-80 EB @ Milepost 132.33, SL",NA,NA,NA,FALSE,FALSE,NA,NA,NA,NA,NA,NA,FALSE,NA
176,100164,I-80,WB,Milepost 132.95,NA,SL,6430,"I-80 WB @ Milepost 132.95, SL",R2,132.95, 40.746792°,-111.725606°,10.202.9.84:2104,"I-80 WB @ Milepost 132.95, SL",NA,NA,NA,FALSE,FALSE,NA,NA,NA,NA,NA,NA,FALSE,NA
177,100165,I-80,EB,Milepost 134.52,NA,SL,16431,"I-80 EB @ Milepost 134.52, SL",R2,134.52, 40.748119°,-111.699469°,10.202.10.24:2104,"I-80 EB @ Milepost 134.52, SL",NA,NA,NA,FALSE,FALSE,NA,NA,NA,NA,NA,NA,FALSE,NA
178,100166,I-80,WB,Milepost 135.4,NA,SL,6432,"I-80 WB @ Milepost 135.4, SL",R2,135.4, 40.743628°,-111.685069°,10.202.10.48:2104,"I-80 WB @ Milepost 135.4, SL",NA,NA,NA,FALSE,FALSE,NA,NA,NA,NA,NA,NA,FALSE,NA
179,100167,I-80,EB,Milepost 136.6,NA,SL,6433,"I-80 EB @ Milepost 136.6, SL",R2,136.6, 40.740894°,-111.664167°,10.202.10.72:2104,"I-80 EB @ Milepost 136.6, SL",NA,NA,NA,FALSE,FALSE,NA,NA,NA,NA,NA,NA,FALSE,NA
180,100168,I-80,WB,Milepost 136.93,NA,SL,16434,"I-80 WB @ Milepost 136.93, SL",R2,136.93, 40.743617°,-111.659144°,10.202.10.84:2104,"I-80 WB @ Milepost 136.93, SL",NA,NA,NA,FALSE,FALSE,NA,NA,NA,NA,NA,NA,FALSE,NA
181,100169,I-80,WB,Milepost 138.6,NA,SL,6435,"I-80 WB @ Milepost 138.6, SL",R2,138.6, 40.751822°,-111.629847°,10.202.21.164:2104,"I-80 WB @ Milepost 138.6, SL",NA,NA,NA,FALSE,FALSE,NA,NA,NA,NA,NA,NA,FALSE,NA
182,100170,I-80,EB,Milepost 139.38,NA,SU,6436,"I-80 EB @ Milepost 139.38, SU",R2,139.38, 40.753003°,-111.615853°,10.213.6.212:2104,"I-80 EB @ Milepost 139.38, SU",NA,NA,NA,FALSE,FALSE,NA,NA,NA,NA,NA,NA,FALSE,NA
183,100171,I-80,EB,Milepost 140.37,NA,SU,6437,"I-80 EB @ Milepost 140.37, SU",R2,140.37, 40.750922°,-111.597728°,10.202.21.176:2104,"I-80 EB @ Milepost 140.37, SU",NA,NA,NA,FALSE,FALSE,NA,NA,NA,NA,NA,NA,FALSE,NA
184,100172,I-80,WB,Milepost 141.04,NA,SU,6438,"I-80 WB @ Milepost 141.04, SU",R2,141.04, 40.755811°,-111.586692°,10.202.21.188:2104,"I-80 WB @ Milepost 141.04, SU",NA,NA,NA,FALSE,FALSE,NA,NA,NA,NA,NA,NA,FALSE,NA
185,100173,I-80,EB,Mountain Dell / MP 134.75,NA,SL,6439,"I-80 EB @ Mountain Dell / MP 134.75, SL",R2,134.75, 40.745986°,-111.696056°,10.202.18.166:5000,"I-80 EB @ Mountain Dell / MP 134.75, SL",NA,NA,NA,FALSE,FALSE,NA,NA,NA,NA,NA,NA,FALSE,NA
186,100176,I-70,EB,Fish Creek / MP 10.81,NA,SE,6440,"I-70 EB @ Fish Creek / MP 10.81, SE",R4,10.81,38.566418,-112.442721,10.252.8.14,"I-70 EB @ Fish Creek / MP 10.81, SE",NA,NA,NA,FALSE,FALSE,3/1/2014,NA,NA,4465,Sevier,NA,FALSE,NA
187,100177,I-70,WB,Fish Creek / MP 12.05,NA,SE,6441,"I-70 WB @ Fish Creek / MP 12.05, SE",R4,12.05,38.556964,-112.424795,10.252.8.142,"I-70 WB @ Fish Creek / MP 12.05, SE",NA,NA,NA,FALSE,FALSE,3/1/2014,NA,NA,4465,Sevier,NA,FALSE,NA
188,100179,SR-276 / N of Halls Crossing,SB,SR-95 / MP .08,NA,GA,16442,"SR-276 / N of Halls Crossing SB @ SR-95 / MP .08, GA",R4,0.08, 38.024276°,-110.571421°,10.158.6.14:5102,"SR-276 / N of Halls Crossing SB @ SR-95 / MP .08, GA",NA,NA,NA,FALSE,FALSE,3/1/2014,NA,NA,NA,NA,NA,FALSE,NA
189,100180,SR-276 / S of Halls Crossing,WB,SR-95 / MP 89.48,NA,SJ,16443,"SR-276 / S of Halls Crossing WB @ SR-95 / MP 89.48, SJ",R4,89.48, 37.559350°,-110.023145°,10.158.6.78:5102,"SR-276 / S of Halls Crossing WB @ SR-95 / MP 89.48, SJ",NA,NA,NA,FALSE,FALSE,3/1/2014,NA,NA,NA,NA,NA,FALSE,NA
190,100178,I-15,SB,2000 N / MP 61.27,CDC,RN,16447,"I-15 SB @ 2000 N / MP 61.27, CDC",R4,61.27, 37.713513°,-113.066873°,166.241.154.122:161,"I-15 SB @ 2000 N / MP 61.27, CDC",NA,NA,NA,FALSE,FALSE,3/1/2014,NA,NA,NA,NA,NA,FALSE,NA
191,100181,I-15,NB,Milepost 90.05,NA,RN,16448,"I-15 NB @ Milepost 90.05, RN",R4,90.05, 38.013197°,-112.719899°,166.154.213.151:161,"I-15 NB @ Milepost 90.05, RN",NA,NA,NA,FALSE,FALSE,3/1/2014,NA,NA,NA,NA,NA,FALSE,NA
192,100182,Canyon Rd / SR-143,SB,Parowan / MP 3.94,PWN,RN,6478,"Canyon Rd / SR-143 SB @ Parowan / MP 3.94, PWN",R4,3.94, 37.829725°,-112.814967°,166.241.153.252:5000,"Canyon Rd / SR-143 SB @ Parowan / MP 3.94, PWN",NA,NA,NA,FALSE,FALSE,3/1/2014,NA,NA,NA,NA,NA,FALSE,NA
193,100183,SR-153,EB,Beaver / MP 2.79,NA,BV,6479,"SR-153 EB @ Beaver / MP 2.79, BV",R4,2.79, 38.281923°,-112.593832°,166.241.153.253:5000,"SR-153 EB @ Beaver / MP 2.79, BV",NA,NA,NA,FALSE,FALSE,3/1/2014,NA,NA,NA,NA,NA,FALSE,NA
194,100184,SR-95,SB,Hanksville / MP 0.37,HKV,WE,6480,"SR-95 SB @ Hanksville / MP 0.37, HKV",R4,0.37, 38.369190°,-110.702677°,166.140.120.137:5000,"SR-95 SB @ Hanksville / MP 0.37, HKV",NA,NA,NA,FALSE,FALSE,3/1/2014,NA,NA,NA,NA,NA,FALSE,NA
195,100185,SR-95,WB,Blanding / Shirttail Jct / MP 121.12,NA,SJ,6481,"SR-95 WB @ Blanding / Shirttail Jct / MP 121.12, SJ",R4,121.12, 37.573672°,-109.491209°,166.140.120.139:5000,"SR-95 WB @ Blanding / Shirttail Jct / MP 121.12, SJ",NA,NA,NA,FALSE,FALSE,3/1/2014,NA,NA,NA,NA,NA,FALSE,NA
196,100186,US-89/91 / 1100 S,WB,Michelle Dr / MP 2.26,BRC,BE,20070,"US-89/91 / 1100 S @ Michelle Dr / MP 2.26, BRC",R1,2.26, 41.486630°,-112.010575°,10.250.7.79:161,"US-89/91 / 1100 S WB @ Michelle Dr / MP 2.26, BRC",NA,NA,NA,FALSE,FALSE,NA,NA,NA,NA,NA,NA,FALSE,NA
197,100187,I-70,WB,Crescent Jct / MP 180.85,NA,GR,6532,"I-70 WB @ Crescent Jct / MP 180.85, GR",R4,180.85, 38.936647°,-109.839889°,10.252.5.205:161,"I-70 WB @ Crescent Jct / MP 180.85, GR",NA,NA,NA,FALSE,FALSE,8/1/2014,NA,NA,NA,NA,NA,FALSE,NA
198,100188,I-70,EB,Sage Flat Rd / MP 54.4,SLA,SE,6533,"I-70 EB @ Sage Flat Rd / MP 54.4, SLA",R4,54.4, 38.912881°,-111.886847°,10.252.5.142:161,"I-70 EB @ Sage Flat Rd / MP 54.4, SLA",NA,NA,NA,FALSE,FALSE,8/1/2014,NA,NA,NA,NA,NA,FALSE,NA
199,100189,I-15,NB,100 E / 950 N / MP 280.86,LHI,UT,6556,"I-15 NB @ 100 E / 950 N / MP 280.86, LHI",R3,280.86, 40.400090,-111.847815,10.212.12.74:161,"I-15 SB @ 100 E / 950 N / MP 280.86, LHI",NA,NA,NA,FALSE,FALSE,10/1/2014,NA,NA,NA,NA,NA,FALSE,NA
200,100191,US-40,WB,Milepost 2.16,NA,SU,5813,"US-40 WB @ Milepost 2.16, SU",R2,2.16, 40.707084,-111.478445,10.252.201.14:502,"US-40 WB @ Milepost 2.16, SU (Chain-Up)",NA,NA,NA,FALSE,FALSE,1/1/2015,NA,NA,NA,NA,NA,FALSE,NA
201,100192,I-80 / Parleys Canyon,EB,Chain Up Area East / MP 129.5,NA,SL,15086,"I-80 / Parleys Canyon EB @ Chain Up Area East / MP 129.5, SL",R2,129.5, 40.720452,-111.777474,10.202.20.142:502,"I-80 / Parleys Canyon EB @ Chain Up Area East / MP 129.5, SL (Chain-Up)",NA,NA,NA,FALSE,FALSE,1/1/2015,NA,NA,NA,NA,NA,FALSE,NA
202,100194,I-80,WB,Echo Canyon / MP 168.31,NA,SU,6558,"I-80 WB @ Echo Canyon / MP 168.31, SU",R2,168.31, 40.979593,-111.424075,10.252.201.142:502,"I-80 WB @ Echo Canyon / MP 168.31, SU (Chain-Up)",NA,NA,NA,FALSE,FALSE,1/1/2015,NA,NA,NA,NA,NA,FALSE,NA
203,100195,I-80,WB,Silvercreek Jct / US-40 / MP 147.5,NA,SU,10414,"I-80 WB @ Silvercreek Jct / US-40 / MP 147.5, SU",R2,147.5, 40.736450,-111.487578,10.213.7.168:502,"I-80 WB @ Silvercreek Jct / US-40 / MP 147.5, SU (Chain-Up)",NA,NA,NA,FALSE,FALSE,1/1/2015,NA,NA,NA,NA,NA,FALSE,NA
204,100196,I-80 / Parleys Canyon,EB,Milepost 129.03,NA,SL,6559,"I-80 / Parleys Canyon EB @ Milepost 129.03, SL",R2,129.03, 40.715924,-111.784007,10.202.7.238:502,"I-80 / Parleys Canyon EB @ Milepost 129.03, SL (Chain-Up)",NA,NA,NA,FALSE,FALSE,1/1/2015,NA,NA,NA,NA,NA,FALSE,NA
205,100197,I-80,WB,Jeremy Ranch / MP 143,NA,SU,5789,"I-80 WB @ Jeremy Ranch / MP 143, SU",R2,143, 40.740055,-111.558081,10.213.7.168:502,"I-80 WB @ Jeremy Ranch / MP 143, SU (Chain-Up)",NA,NA,NA,FALSE,FALSE,1/1/2015,NA,NA,NA,NA,NA,FALSE,NA
206,100198,Little Cottonwood Rd / SR-210,SB,Wasatch Blvd / 8900 S,CWH,SL,7827,"Little Cottonwood Rd / SR-210 @ Wasatch Blvd / 8900 S, CWH",R2,2.22, 40.588757,-111.793375,10.201.12.50:502,"Little Cottonwood Rd / SR-210 SB @ Wasatch Blvd / 8900 S, CWH (Chain-Up)",NA,NA,NA,FALSE,FALSE,9/1/2015,NA,NA,NA,NA,NA,FALSE,NA
207,100199,Little Cottonwood Canyon Rd / SR-210,EB,Little Cottonwood Rd / SR-209,NA,SL,15390,"Little Cottonwood Canyon Rd / SR-210 @ Little Cottonwood Rd / SR-209, SL",R2,3.87, 40.572435,-111.776237,10.201.12.143:502,"Little Cottonwood Canyon Rd / SR-210 EB @ Little Cottonwood Rd / SR-209, SL (Chain-Up)",NA,NA,NA,FALSE,FALSE,9/1/2015,NA,NA,NA,NA,NA,FALSE,NA
208,100200,I-15,NB,Beaver / MP 106,NA,BV,6672,"I-15 NB @ Beaver / MP 106, BV",R4,105.97, 38.209102,-112.646616,10.136.6.14:5102,"I-15 NB @ Beaver / MP 106, BV",Wanco,NTCIP,NA,FALSE,FALSE,9/1/2015,NA,NA,NA,NA,NA,FALSE,NA
209,100202,Little Cottonwood Canyon Rd / SR-210,WB,Snowbird Entry 1 / MP 10.06,NA,SL,6673,"Little Cottonwood Canyon Rd / SR-210 WB @ Snowbird Entry 1 / MP 10.06, SL",R2,10.06, 40.578520,-111.668059,10.201.16.26:502,"Little Cottonwood Canyon Rd / SR-210 WB @ Snowbird Entry 1 / MP 10.06, SL (Chain-Up)",Adam,Chain-Up,NA,FALSE,FALSE,9/1/2015,NA,NA,NA,NA,NA,FALSE,NA
210,100203,Little Cottonwood Canyon Rd / SR-210,WB,Snowbird Entry 2 / MP 10.38,NA,SL,6674,"Little Cottonwood Canyon Rd / SR-210 WB @ Snowbird Entry 2 / MP 10.38, SL",R2,10.38, 40.580260,-111.662893,10.201.16.38:502,"Little Cottonwood Canyon Rd / SR-210 WB @ Snowbird Entry 2 / MP 10.38, SL (Chain-Up)",Adam,Chain-Up,NA,FALSE,FALSE,9/1/2015,NA,NA,NA,NA,NA,FALSE,NA
211,100204,Little Cottonwood Canyon Rd / SR-210,WB,Snowbird Entry 4 / Alta Bypass Rd / MP 10.88,NA,SL,6675,"Little Cottonwood Canyon Rd / SR-210 WB @ Snowbird Entry 4 / Alta Bypass Rd / MP 10.88, SL",R2,10.88, 40.583786,-111.654339,10.201.16.50:502,"Little Cottonwood Canyon Rd / SR-210 WB @ Snowbird Entry 4 / Alta Bypass Rd / MP 10.88, SL (Chain-Up)",Adam,Chain-Up,NA,FALSE,FALSE,9/1/2015,NA,NA,NA,NA,NA,FALSE,NA
212,100205,Little Cottonwood Canyon Rd / SR-210,WB,Alta Ski Entry / MP 11.86,ALT,SL,6676,"Little Cottonwood Canyon Rd / SR-210 WB @ Alta Ski Entry / MP 11.86, ALT",R2,11.86, 40.589350,-111.638975,10.201.16.74:502,"Little Cottonwood Canyon Rd / SR-210 WB @ Alta Ski Entry / MP 11.86, ALT (Chain-Up)",Adam,Chain-Up,NA,FALSE,FALSE,9/1/2015,NA,NA,NA,NA,NA,FALSE,NA
213,100206,Little Cottonwood Canyon Rd / SR-210,WB,Milepost 11.93,ALT,SL,6677,"Little Cottonwood Canyon Rd / SR-210 WB @ Milepost 11.93, ALT",R2,11.93, 40.590029,-111.637843,10.201.16.86:502,"Little Cottonwood Canyon Rd / SR-210 WB @ Milepost 11.93, ALT (Chain-Up)",Adam,Chain-Up,NA,FALSE,FALSE,9/1/2015,NA,NA,NA,NA,NA,FALSE,NA
214,100207,Little Cottonwood Canyon Rd / SR-210,WB,Milepost 12.32,ALT,SL,6678,"Little Cottonwood Canyon Rd / SR-210 WB @ Milepost 12.32, ALT",R2,12.32, 40.591960,-111.630948,10.201.16.110:502,"Little Cottonwood Canyon Rd / SR-210 WB @ Milepost 12.32, ALT (Chain-Up)",Adam,Chain-Up,NA,FALSE,FALSE,9/1/2015,NA,NA,NA,NA,NA,FALSE,NA
215,100208,Big Cottonwood Canyon Rd / SR-190,EB,Mine Shaft Rd / MP 2.04,CWH,SL,6679,"Big Cottonwood Canyon Rd / SR-190 EB @ Mine Shaft Rd / MP 2.04, CWH",R2,2.04, 40.618836,-111.785588,10.252.204.14:502,"Big Cottonwood Canyon Rd / SR-190 EB @ Mine Shaft Rd / MP 2.04, CWH (Chain-Up)",Adam,Chain-Up,NA,FALSE,FALSE,9/1/2015,NA,NA,NA,NA,NA,FALSE,NA
216,100209,Big Cottonwood Canyon Rd / SR-190,WB,Cardiff Fork / MP 10.84,NA,SL,6680,"Big Cottonwood Canyon Rd / SR-190 WB @ Cardiff Fork / MP 10.84, SL",R2,10.84, 40.649662,-111.648445,10.252.203.14:502,"Big Cottonwood Canyon Rd / SR-190 WB @ Cardiff Fork / MP 10.84, SL (Chain-Up)",Adam,Chain-Up,NA,FALSE,FALSE,9/1/2015,NA,NA,NA,NA,NA,FALSE,NA
217,100210,Big Cottonwood Canyon Rd / SR-190,WB,Solitude West / MP 14.17,NA,SL,6681,"Big Cottonwood Canyon Rd / SR-190 WB @ Solitude West / MP 14.17, SL",R2,14.17, 40.623981,-111.597294,10.252.202.142:502,"Big Cottonwood Canyon Rd / SR-190 WB @ Solitude West / MP 14.17, SL (Chain-Up)",Adam,Chain-Up,NA,FALSE,FALSE,9/1/2015,NA,NA,NA,NA,NA,FALSE,NA
218,100211,Big Cottonwood Canyon Rd / SR-190,WB,Solitude East / MP 14.54,NA,SL,6682,"Big Cottonwood Canyon Rd / SR-190 WB @ Solitude East / MP 14.54, SL",R2,14.54, 40.621058,-111.591652,10.252.202.14:502,"Big Cottonwood Canyon Rd / SR-190 WB @ Solitude East / MP 14.54, SL (Chain-Up)",Adam,Chain-Up,NA,FALSE,FALSE,9/1/2015,NA,NA,NA,NA,NA,FALSE,NA
219,100212,Big Cottonwood Canyon Rd / SR-190,WB,Brighton / MP 16.54,NA,SL,6683,"Big Cottonwood Canyon Rd / SR-190 WB @ Brighton / MP 16.54, SL",R2,16.54, 40.599553,-111.582778,10.252.202.142:502,"Big Cottonwood Canyon Rd / SR-190 WB @ Brighton / MP 16.54, SL (Chain-Up)",Adam,Chain-Up,NA,FALSE,FALSE,9/1/2015,NA,NA,NA,NA,NA,FALSE,NA
220,100215,I-15,SB,11200 S / MP 292.82,SJO,SL,6700,"I-15 SB @ 11200 S / MP 292.82, SJO",R2,292.82, 40.547423,-111.895890,10.212.7.15:161,"I-15 SB @ 11200 S / MP 292.82, SJO",Daktronics,BI Tran,10,TRUE,TRUE,12/1/2015,12/1/2025,NA,NA,NA,NA,FALSE,NA
221,100214,Region 2 / IMT Portable,NA,Wanco # 388,NA,NA,6701,Region 2 / IMT Portable Wanco # 388,R2,NA,NA,NA,166.154.68.77:5102,Region 2 / IMT Portable Wanco # 388,Wanco,Portable,NA,FALSE,FALSE,12/1/2015,NA,NA,NA,NA,NA,FALSE,NA
222,100213,I-70,EB,I-15 / Cove Fort / MP 0.7,NA,MD,6702,"I-70 EB @ I-15 / Cove Fort / MP 0.7, MD",R4,0.7, 38.581590,-112.594941,10.135.5.142:5102,"I-70 EB @ I-15 / Cove Fort / MP 0.7, MD",Wanco,NA,NA,FALSE,FALSE,12/1/2015,NA,NA,NA,NA,NA,FALSE,NA
223,100225,Provo Canyon Rd / US-189,EB,Canyon Glen Park / MP 9.93,NA,UT,6718,"Provo Canyon Rd / US-189 EB @ Canyon Glen Park / MP 9.93, UT",R3,9.93, 40.328817,-111.620090,10.166.9.190:5000,"Provo Canyon Rd / US-189 EB @ Canyon Glen Park / MP 9.93, UT",Wanco,NTCIP,NA,FALSE,FALSE,3/1/2016,NA,NA,NA,NA,NA,FALSE,NA
224,100217,Timpanogos Hwy  / 11000 N / SR-92,WB,6400 W,HLD,UT,16253,"Timpanogos Hwy / 11000 N / SR-92 @ 6400 W, HLD",R3,4.26, 40.431938,-111.812909,10.212.21.62:5000,"Timpanogos Hwy / 11000 N / SR-92 @ 6400 W, HLD",WANCO,NTCIP,NA,FALSE,FALSE,3/17/2016,NA,NA,NA,NA,NA,FALSE,NA
225,100218,Little Cottonwood Canyon Rd / SR-210,EB,White Pine Parking / MP 9.26,NA,SL,6719,"Little Cottonwood Canyon Rd / SR-210 @ White Pine Parking / MP 9.26, SL",R2,9.26, 40.575686,-111.681188,10.201.15.202:502,"(Avalanche Warning) Little Cottonwood Canyon Rd / SR-210 @ White Pine Parking / MP 9.26, SL",BI Tran,Avalanche Warning Sign,NA,FALSE,FALSE,3/21/2016,NA,NA,NA,NA,NA,FALSE,NA
226,100219,Little Cottonwood Canyon Rd / SR-210,WB,Milepost 11.95,ALT,SL,6720,"Little Cottonwood Canyon Rd / SR-210 @ Milepost 11.95, ALT",R2,11.95, 40.590432,-111.637496,10.201.16.98:502,"(Avalanche Warning) Little Cottonwood Canyon Rd / SR-210 @ Milepost 11.95, ALT",BI Tran,Avalanche Warning Sign,NA,FALSE,FALSE,3/21/2016,NA,NA,NA,NA,NA,FALSE,NA
227,100221,US-6,SB,1000 N / MP 231.74,HLP,CC,15539,"US-6 @ 1000 N / MP 231.74, HLP",R3,231.74, 39.701114,-110.868484,10.157.5.220:161,"US-6 SB/EB @ 1000 N / MP 231.74, HLP",Daktronics,Bi Tran,NA,FALSE,FALSE,5/31/2016,NA,NA,NA,NA,NA,FALSE,NA
228,100223,Provo Canyon Rd / US-189,EB,Canyon View Park / MP 8.46,PVO,UT,15425,"Provo Canyon Rd / US-189 @ Canyon View Park / MP 8.46, PVO",R3,8.46, 40.323737,-111.643247,10.166.9.154:5000,"Provo Canyon Rd / US-189 EB @ Canyon View Park / MP 8.46, PVO",Wanco,NTCIP,NA,FALSE,FALSE,6/30/2016,NA,NA,NA,NA,NA,FALSE,NA
229,100224,Provo Canyon Rd / US-189,WB,Springdell / MP 9.68,NA,UT,6735,"Provo Canyon Rd / US-189 @ Springdell / MP 9.68, UT",R3,9.68, 40.328739,-111.625156,10.166.9.178:5000,"Provo Canyon Rd / US-189 WB @ Springdell / MP 9.68, UT",Wanco,NTCIP,NA,FALSE,FALSE,6/30/2016,NA,NA,NA,NA,NA,FALSE,NA
230,100226,Provo Canyon Rd / US-189,WB,Nunns Park / MP 10.96,NA,UT,6742,"Provo Canyon Rd / US-189 WB @ Nunns Park / MP 10.96, UT",R3,10.96, 40.339986,-111.607684,10.252.9.142:5000,"Provo Canyon Rd / US-189 WB @ Nunns Park / MP 10.96, UT",Wanco,NTCIP,NA,FALSE,FALSE,6/30/2016,NA,NA,NA,NA,NA,FALSE,NA
231,100227,Provo Canyon Rd / US-189,EB,Little Deer Creek Cir / MP 17.32,NA,WA,6743,"Provo Canyon Rd / US-189 EB @ Little Deer Creek Cir / MP 17.32, WA",R3,17.32, 40.401886,-111.533707,10.166.10.98:5000,"Provo Canyon Rd / US-189 EB @ Little Deer Creek Cir / MP 17.32, WA",Wanco,NTCIP,NA,FALSE,FALSE,6/30/2016,NA,NA,NA,NA,NA,FALSE,NA
232,100228,US-189,WB,Deer Creek Reservoir / MP 18.85,NA,WA,6744,"US-189 WB @ Deer Creek Reservoir / MP 18.85, WA",R3,18.85, 40.411505,-111.510419,10.170.5.14:5000,"US-189 WB @ Deer Creek Reservoir / MP 18.85, WA",Wanco,NTCIP,NA,FALSE,FALSE,6/30/2016,NA,NA,NA,NA,NA,FALSE,NA
233,100229,Timpanogos Hwy / 3500 N / SR-92,WB,1100 E,LHI,UT,6827,"Timpanogos Hwy / 3500 N / SR-92 WB @ 1100 E, LHI",R3,3.24, 40.432289,-111.832244,10.212.23.140:2101,"(Commuter Lane Closed Flasher) Timpanogos Hwy / 3500 N / SR-92 WB @ 1100 E, LHI",ADAM,Flasher,NA,FALSE,FALSE,9/8/2016,NA,NA,NA,NA,NA,FALSE,NA
234,100230,State St / US-89,SB,1350 S / MP 225.8,SLA,SE,6825,"State St / US-89 SB @ 1350 S / MP 225.8, SLA",R4,225.8, 38.939496,-111.854714,10.142.6.14:5102,"State St / US-89 SB @ 1350 S / MP 225.8, SLA",Wanko,NTCIP,NA,FALSE,FALSE,9/8/2016,NA,NA,NA,NA,NA,FALSE,NA
235,100231,I-15,NB,East Bay / MP 262.4,SPV,UT,6826,"I-15 NB @ East Bay / MP 262.4, UT",R3,262.4, 40.195879,-111.648739,10.167.7.202:161,"I-15 NB @ East Bay / MP 262.4, UT",Daktronics,27x105,NA,FALSE,FALSE,9/8/2016,NA,NA,NA,NA,NA,FALSE,NA
236,100232,I-70,WB,Salina VMS / MP 58.66,NA,SE,6810,"I-70 WB @ Salina VMS / MP 58.66, SE",R4,58.66, 38.931494,-111.819627,10.142.5.14:161,"I-70 WB @ Salina VMS / MP 58.66, SE",Daktronics,27x105,NA,FALSE,FALSE,9/8/2016,NA,NA,NA,NA,NA,FALSE,NA
237,100233,Timpanogos Hwy / 11000 N / SR-92,WB,Tamarack Dr,HLD,UT,6828,"Timpanogos Hwy / 11000 N / SR-92 WB @ Tamarack Dr, HLD",R3,4.03, 40.431944,-111.817311,10.212.23.152:2101,"(Commuter Lane Closed Flasher) Timpanogos Hwy / 11000 N / SR-92 WB @ Tamarack Dr, HLD",ADAM,Flasher,NA,FALSE,FALSE,9/8/2016,NA,NA,NA,NA,NA,FALSE,NA
238,100234,Highland Blvd,SB,Timpanogos Hwy / 11000 N / SR-92,HLD,UT,6829,"Highland Blvd SB @ Timpanogos Hwy / 11000 N / SR-92, HLD",R3,3.78, 40.433087,-111.822150,10.212.23.152:2102,"(Commuter Lane Closed Flasher) Highland Blvd SB @ Timpanogos Hwy / 11000 N / SR-92, HLD",ADAM,Flasher,NA,FALSE,FALSE,9/8/2016,NA,NA,NA,NA,NA,FALSE,NA
239,100237,Deer Valley Dr / SR-224,NB,Milepost 5.38,PKC,SU,6870,"Deer Valley Dr / SR-224 NB @ Milepost 5.38, PKC",R2,5.38,40.65389,-111.502285,10.213.6.38:5102,"Deer Valley Dr / SR-224 NB @ Milepost 5.38, PKC",Wanco,NTCIP,NA,FALSE,FALSE,1/12/2017,NA,NA,NA,NA,NA,FALSE,NA
240,100240,Park Ave / SR-224,SB,Milepost 6.26,PKC,SU,6871,"Park Ave / SR-224 SB @ Milepost 6.26, PKC",R2,6.26,40.662309,-111.512514,10.213.9.154:5102,"Park Ave / SR-224 SB @ Milepost 6.26, PKC",Wanco,NTCIP,NA,FALSE,FALSE,1/12/2017,NA,NA,NA,NA,NA,FALSE,NA
241,100239,Kearns Blvd / SR-248,EB,Park City HS / MP 0.78,PKC,SU,6872,"Kearns Blvd / SR-248 EB @ Park City HS / MP 0.78, PKC",R2,0.78,40.665853,-111.496718,10.213.9.202:5102,"Kearns Blvd / SR-248 EB @ Park City HS / MP 0.78, PKC",Wanco,NTCIP,NA,FALSE,FALSE,1/12/2017,NA,NA,NA,NA,NA,FALSE,NA
242,100241,Kearns Blvd / SR-248,WB,Milepost 1.39,PKC,SU,6873,"Kearns Blvd / SR-248 WB @ Milepost 1.39, PKC",R2,1.39,40.668434,-111.486229,10.213.9.23:5102,"Kearns Blvd / SR-248 WB @ Milepost 1.39, PKC",Wanco,NTCIP,NA,FALSE,FALSE,1/12/2017,NA,NA,NA,NA,NA,FALSE,NA
243,100242,Timpanogos Hwy / 3500 N / SR-92,EB,Digital Dr,LHI,UT,6012,"Timpanogos Hwy / 3500 N / SR-92 EB @ Digital Dr, LHI",R3,0.29, 40.431286,-111.887985,10.212.20.144:502,"(Commuter Lane Closed Flasher) Timpanogos Hwy / 3500 N / SR-92 EB @ Digital Dr, LHI",Adam,Flasher,NA,FALSE,FALSE,4/18/2017,NA,NA,NA,NA,NA,FALSE,NA
244,100243,State St / SR-9,EB,Milepost 1.42,HRC,WN,6940,"State St / SR-9 EB @ Milepost 1.42, HRC",R4,1.42, 37.161205,-113.430040,10.149.5.142:5102,"State St / SR-9 EB @ Milepost 1.42, HRC",Wanco,NTCIP,10,TRUE,TRUE,6/15/2017,6/15/2027,NA,NA,NA,NA,FALSE,NA
245,100244,I-15,NB,3200 N / MP 350.3,PLV,WB,40400,"I-15 NB @ 3200 N / MP 350.3, PLV",R1,350.3,41.320213,-112.026651,10.235.10.214.161,"I-15 NB @ 3200 N / MP 350.3, PLV",Daktronics,27x105,10,TRUE,TRUE,1/24/2018,1/1/2028,NA,NA,NA,NA,FALSE,NA
246,100290,I-15,NB,11450 S / MP 292.46,DPR,SL,41973,"I-15 NB @ 11450 S / MP 292.46, DPR",R2,292.46,40.542045,-111.893906,10.208.20.142:161,"I-15 NB @ 11450 S / MP 292.46, DPR",Daktronics,Color 96X336,10,TRUE,TRUE,7/28/2021,7/28/2031,NA,NA,NA,20083,FALSE,NA
247,100246,SR-201,WB,1300 W / MP 15.74,SLC,SL,40410,"SR-201 WB @ 1300 W / MP 15.74, SLC",R2,15.74,40.724485,-111.929729,10.205.5.126:161,"SR-201 WB @ 1300 W / MP 15.74, SLC",Daktronics,27x105,10,TRUE,TRUE,2/15/2018,2/15/2028,NA,NA,NA,NA,FALSE,NA
248,100247,I-215 S,EB,2300 E / MP 7.3,CWH,SL,40406,"I-215 S EB @ 2300 E / MP 7.3, CWH",R2,7.3,40.634239,-111.824884,10.208.11.86:161,"I-215 S EB @ 2300 E / MP 7.3, CWH",Daktronics,27x105,10,TRUE,TRUE,2/15/2018,2/15/2018,NA,NA,NA,NA,FALSE,NA
249,100248,Center St / SR-14,EB,Milepost 1,CDC,RN,40511,"Center St / SR-14 EB @ Milepost 1, CDC",R4,1,37.673917,-113.045891,10.252.10.14,"Center St / SR-14 EB @ Milepost 1, CDC",Adaptive,Wanco NTCIP,10,TRUE,TRUE,10/25/2018,10/1/2028,NA,NA,NA,NA,FALSE,NA
250,100250,US-40,NB,Milepost 1.85,NA,SU,40510,"US-40 @ Milepost 1.85, SU",R2,1.85,40.711716,-111.481927,10.213.5.226,"US-40 NB @ Milepost 1.85, SU",Daktronics,27x105,10,TRUE,TRUE,10/25/2018,10/1/2028,NA,NA,NA,NA,FALSE,NA
251,100251,(Chain-up) I-80,EB,5200 W,SLC,SL,40536,"(Chain-up) I-80 EB @ 5200 W, SLC",R2,113.67,40.770729,-112.015609,10.252.204.142,"(Chain-up) I-80 EB @ 5200 W, SLC",ADAM,Chain-up,NA,FALSE,FALSE,11/27/2018,NA,NA,NA,NA,NA,FALSE,NA
252,100252,(Chain-up) I-80,WB,Silver Creek Jct / US-40,NA,SU,40537,"(Chain-up) I-80 WB @ Silver Creek Jct / US-40, SU",R2,146.74,40.730811,-111.499883,10.252.206.14,"(Chain-up) I-80 WB @ Silver Creek Jct / US-40, SU",ADAM,Chain-up,NA,FALSE,FALSE,11/27/2018,NA,NA,NA,NA,NA,FALSE,NA
253,100253,SR-14,WB,Mammoth Creek Rd / Duck Creek Ridge Rd / MP 31.46,NA,KN,40563,"SR-14 WB @ Mammoth Creek Rd / Duck Creek Ridge Rd / MP 31.46, KN",R4,31.46,37.517839,-112.646394,10.252.10.78,"SR-14 WB @ Mammoth Creek Rd / Duck Creek Ridge Rd / MP 31.46, KN",Adaptive,Wanco NTCIP,10,TRUE,TRUE,1/10/2019,1/10/2029,NA,NA,NA,NA,FALSE,NA
254,100254,(Chain-up) US-6,WB,US-191 / MP 229.82,NA,CC,40487,"US-6 @ US-191 / MP 229.82, CC",R4,229.82,39.727085,-110.867333,10.137.5.26,"(Chain-up) US-6 WB @ US-191 / MP 229.82, CC",ADAM,Chain-up,NA,FALSE,FALSE,1/10/2019,NA,NA,4460,Castle Gate,NA,FALSE,NA
255,100255,(Chain-up) US-6,EB,Tie Fork Rest Area / MP 202.05,NA,UT,10323,"US-6 EB @ Tie Fork Rest Area / MP 202.05, UT",R3,202.05,39.951698,-111.223458,10.167.11.14,"(Chain-up) US-6 EB @ Tie Fork Rest Area / MP 202.05, UT",ADAM,Chain-up,NA,FALSE,FALSE,1/10/2019,NA,NA,NA,NA,NA,FALSE,NA
256,100256,I-70,WB,Milepost 25.15,JSP,SE,40564,"I-70 WB @ Milepost 25.15, SE",R4,25.15,38.616162,-112.229872,10.252.10.206,"I-70 WB @ Milepost 25.15, SE",Adaptive,Wanco NTCIP,10,TRUE,TRUE,1/10/2019,1/10/2029,NA,4464,Richfield,NA,FALSE,NA
257,100261,I-15,SB,Milepost 95.3,NA,RN,40784,"I-15 SB @ SR-20 / MP 95.3, RN",R4,95.3,38.081855,-112.680158,10.252.5.142,"I-15 SB @ SR-20 / MP 95.3, RN",Adaptive,Wanco NTCIP,10,TRUE,TRUE,6/20/2019,6/1/2029,NA,NA,NA,NA,FALSE,NA
258,100264,(Chain-Up) I-80,EB,1900 E / MP 126,SLC,SL,10368,"I-80 EB @ 1900 E / MP 126, SLC",R2,126,40.717183,-111.836386,10.202.18.152,"(Chain-Up) I-80 EB @ 1900 E / MP 126, SLC",ADAM,Chain-up,NA,FALSE,FALSE,6/20/2019,NA,NA,NA,NA,NA,FALSE,NA
259,100265,(Chain-Up) I-215 E,NB,3100 S / MP 1.62,MCK,SL,10225,"I-215 E NB @ 3100 S / MP 1.62, MCK",R2,1.62,40.703297,-111.794871,10.202.18.16,"(Chain-Up) I-215 E NB @ 3100 S / MP 1.62, MCK",ADAM,Chain-up,NA,FALSE,FALSE,6/20/2019,NA,NA,NA,NA,NA,FALSE,NA
260,100267,I-15,SB,800 N / MP 364.92,BRC,BE,40919,"I-15 SB @ 800 N / MP 364.92, BRC",R1,364.92,41.525085,-112.065105,10.237.5.50,"I-15 SB @ 800 N / MP 364.92, BRC",Daktronics,27x105,10,TRUE,TRUE,10/3/2019,10/3/2029,NA,NA,NA,NA,FALSE,NA
261,100268,I-15,NB,800 S / MP 327.4,KAY,DA,40927,"I-15 NB @ 800 S / MP 327.4, KAY",R1,327.4,41.020999,-111.942700,10.232.8.98,"I-15 NB @ 800 S / MP 327.4, KAY",Daktronics,27x105,10,TRUE,TRUE,10/3/2019,10/3/2029,NA,NA,NA,NA,FALSE,NA
262,100269,I-15,SB,300 S / MP 356.28,WIL,BE,40928,"I-15 SB @ 300 S / MP 356.28, WIL",R1,356.28,41.403782,-112.048274,10.235.10.238,"I-15 SB @ 300 S / MP 356.28, WIL",Daktronics,27x105,10,TRUE,TRUE,10/3/2019,10/3/2029,NA,NA,NA,NA,FALSE,NA
263,100270,I-84 / Weber Canyon,WB,Milepost 91.35,NA,MN,40920,"I-84 / Weber Canyon WB @ Milepost 91.35, MN",R1,91.35,41.139698,-111.848265,10.232.8.154,"I-84 / Weber Canyon WB @ Milepost 91.35, MN",Daktronics,27x105,10,TRUE,TRUE,10/3/2019,10/3/2029,NA,NA,NA,NA,FALSE,NA
264,100271,US-89,SB,Shepard Ln / MP 396.65,FRM,DA,40929,"US-89 SB @ Shepard Ln / MP 396.65, FRM",R1,396.65,40.999555,-111.907388,10.232.13.110,"US-89 SB @ Shepard Ln / MP 396.65, FRM",Daktronics,27x105,10,TRUE,TRUE,10/3/2019,10/3/2029,NA,0,NA,NA,FALSE,NA
265,100273,Deer Valley Dr / SR-224,SB,Milepost 5.27,PKC,SU,40965,"Deer Valley Dr / SR-224 SB @ Milepost 5.27, PKC",R2,5.27,40.652453,-111.501797,10.213.6.50,"Deer Valley Dr / SR-224 SB @ Milepost 5.27, PKC",Daktronics,Daktron 18x75,10,TRUE,TRUE,3/11/2020,3/11/2030,NA,0,NA,NA,FALSE,NA
266,NA,Bangerter Hwy / SR-154,NB,7050 S,WJD,SL,40989,"Bangerter Hwy / SR-154 NB @ 7050 S, WJD",R2,13.79,40.622550,-111.976250,10.212.10.175,"Bangerter Hwy / SR-154 NB @ 7050 S, WJD",NA,NA,10,TRUE,TRUE,4/13/2020,4/13/2030,NA,0,NA,NA,FALSE,NA
267,100275,I-15,NB,Portage / MP 398.06,PTG,BE,40992,"I-15 RWIS NB @ Portage / MP 398.06, BE",R1,398.06,41.967629,-112.180962,10.252.5.206,"I-15 NB @ Portage / MP 398.06, BE",Wanco,NTCIP,10,TRUE,TRUE,6/24/2020,6/24/2030,NA,NA,NA,NA,FALSE,NA
268,100276,I-84,WB,Milepost 16.45,NA,BE,41237,"I-84 WB @ Milepost 16.45, BE",R1,16.45,41.895007,-112.562322,10.252.5.78,"I-84 WB @ Milepost 16.45, BE",Wanco,NTCIP,10,TRUE,TRUE,6/24/2020,6/24/2030,NA,NA,NA,NA,FALSE,NA
269,100277,SR-36,NB,Milepost 62.55,STP,TE,41317,"SR-36 NB @ Milepost 62.55, STP",R2,62.55,40.648412,-112.288370,10.218.6.214,"SR-36 NB @ Milepost 62.55, STP",Daktronics,Color 96x336,10,TRUE,TRUE,8/25/2020,8/25/2030,NA,0,NA,NA,FALSE,NA
270,100278,I-80,WB,Milepost 105.5,NA,SL,41349,"I-80 WB @ Milepost 105.5, SL",R2,105.5,40.758379,-112.167670,10.218.6.86,"I-80 WB @ Milepost 105.5, SL",Daktronics,Color 96x336,10,TRUE,TRUE,12/15/2020,12/1/2030,NA,NA,NA,NA,FALSE,NA
271,100279,US-40,WB,500 E / MP 87,DCH,DU,41549,"US-40 @ 500 E / MP 87, DCH",R3,87,40.162828,-110.393512,10.175.111.142,"US-40 WB @ 500 E / MP 87, DCH",Daktronics,Color 96x336,10,TRUE,TRUE,12/15/2020,12/1/2030,NA,NA,NA,NA,FALSE,NA
272,100280,US-40,SB,2100 S / MP 18.91,HBR,WA,41550,"US-40 SB @ 2100 S / MP 18.91, HBR",R3,18.91,40.481684,-111.402107,10.171.5.76,"US-40 SB @ 2100 S / MP 18.91, HBR",Daktronics,Color 96x336,10,TRUE,TRUE,12/15/2020,12/1/2030,NA,NA,NA,NA,FALSE,NA
273,100281,I-15,NB,950 N / MP 280.8,LHI,UT,6556,"I-15 NB @ 950 N / MP 280.8, LHI",R3,280.8,40.399446,-111.846544,10.212.12.38:161,"I-15 NB @ 950 N / MP 280.8, LHI",Daktronics,Color 96x336,10,TRUE,TRUE,4/5/2021,4/5/2031,NA,NA,NA,NA,FALSE,NA
274,100282,I-15,SB,950 N / MP 280.8,LHI,UT,6090,"I-15 SB @ 950 N / MP 280.8, LHI",R3,280.8,40.398960,-111.846967,10.212.12.38:46002,"I-15 SB @ 950 N / MP 280.8, LHI",Daktronics,Color 96x336,10,TRUE,TRUE,4/5/2021,4/5/2031,NA,NA,NA,NA,FALSE,NA
275,100283,I-15,NB,Milepost 204.4,NA,JU,41726,"I-15 NB @ Milepost 204.4, JU",R3,204.4,39.459999,-112.004800,10.174.5.38:161,"I-15 NB @ Milepost 204.4, JU",Daktronics,Color 96x336,10,TRUE,TRUE,4/5/2021,4/5/2031,NA,NA,NA,NA,FALSE,NA
276,100284,Foothill Dr / SR-186,SB,2180 S / MP 8.12,SLC,SL,41762,"Foothill Dr / SR-186 SB @ 2180 S / MP 8.12, SLC",R2,8.12,40.723982,-111.813874,10.202.5.110,"Foothill Dr / SR-186 SB @ 2180 S / MP 8.12, SLC",Daktronics,Color 48x160,10,TRUE,TRUE,7/1/2021,7/1/2031,NA,NA,NA,NA,FALSE,NA
277,100285,I-15,SB,Milepost 246.48,STQ,UT,41923,"I-15 @ Milepost 246.48, STQ",R3,246.48,39.998004,-111.763321,10.167.10.86,"I-15 SB @ Milepost 246.48, STQ",Daktronics,Color 96x336,10,TRUE,TRUE,7/1/2021,7/1/2031,NA,NA,NA,NA,FALSE,NA
278,100286,I-15,NB,Milepost 246.48,STQ,UT,41923,"I-15 @ Milepost 246.48, STQ",R3,246.48,39.998007,-111.763170,10.167.10.86,"I-15 NB @ Milepost 246.48, STQ",Daktronics,Color 96x336,10,TRUE,TRUE,7/1/2021,7/1/2031,NA,NA,NA,NA,FALSE,NA
279,100287,Mountain View / SR-85,NB,2400 S,WVC,SL,41921,"Mountain View / SR-85 NB @ 2400 S, WVC",R2,22.8,40.718020,-112.029502,10.217.7.154,"Mountain View / SR-85 NB @ 2400 S, WVC",Daktronics,Color 96x336,10,TRUE,TRUE,7/1/2021,7/1/2031,NA,NA,NA,NA,FALSE,NA
280,100288,Mountain View / SR-85,SB,1500 S,SLC,SL,41924,"Mountain View / SR-85 SB @ 1500 S, SLC",R2,NA,40.737249,-112.029749,10.217.7.38,"Mountain View / SR-85 SB @ 1500 S, SLC",Daktronics,Color 96x336,10,TRUE,TRUE,7/1/2021,7/1/2031,NA,NA,NA,NA,FALSE,NA
281,100289,Mountain View / SR-85,NB,3400 S,WVC,SL,41925,"Mountain View / SR-85 NB @ 3400 S, WVC",R2,NA,40.699024,-112.028260,10.217.8.26,"Mountain View / SR-85 NB @ 3400 S, WVC",Daktronics,Color 96x336,10,TRUE,TRUE,7/1/2021,7/1/2031,NA,NA,NA,NA,FALSE,NA
282,100292,I-15,NB,8050 S / MP 296.85,MDV,SL,41955,"I-15 NB @ 8050 S / MP 296.85, MDV",R2,296.85,40.6050529,-111.904137,10.212.6.74,"I-15 NB @ 8050 S / MP 296.85, MDV",Daktronics,Color 96X336,10,TRUE,TRUE,7/28/2021,7/28/2031,NA,NA,NA,20139,FALSE,0
